<?xml version="1.0" encoding="utf-8" ?>
<dwsync>
<file name="categories.html" server="ftp.enthalpy.mx/palmas/" local="130663339367982000" remote="130608489600000000" Dst="1" />
<file name="combobox.html" server="ftp.enthalpy.mx/palmas/" local="130663339368532000" remote="130608489600000000" Dst="1" />
<file name="custom-data.html" server="ftp.enthalpy.mx/palmas/" local="130663339368782000" remote="130608489600000000" Dst="1" />
<file name="default.html" server="ftp.enthalpy.mx/palmas/" local="130663339370957000" remote="130608489600000000" Dst="1" />
<file name="folding.html" server="ftp.enthalpy.mx/palmas/" local="130663339371257000" remote="130608489600000000" Dst="1" />
<file name="index.html" server="ftp.enthalpy.mx/palmas/" local="130663339382732000" remote="130608489600000000" Dst="1" />
<file name="london.xml" server="ftp.enthalpy.mx/palmas/" local="130663339382757000" remote="130608489600000000" Dst="1" />
<file name="maxheight.html" server="ftp.enthalpy.mx/palmas/" local="130663339385357000" remote="130608489600000000" Dst="1" />
<file name="multiple-remote.html" server="ftp.enthalpy.mx/palmas/" local="130663339385907000" remote="130608489600000000" Dst="1" />
<file name="multiple.html" server="ftp.enthalpy.mx/palmas/" local="130663339386182000" remote="130608489600000000" Dst="1" />
<file name="remote-with-cache.html" server="ftp.enthalpy.mx/palmas/" local="130663339388182000" remote="130608489600000000" Dst="1" />
<file name="remote-jsonp.html" server="ftp.enthalpy.mx/palmas/" local="130663339388532000" remote="130608489600000000" Dst="1" />
<file name="remote.html" server="ftp.enthalpy.mx/palmas/" local="130663339388857000" remote="130608489600000000" Dst="1" />
<file name="search.php" server="ftp.enthalpy.mx/palmas/" local="130663339391282000" remote="130608489600000000" Dst="1" />
<file name="xml.html" server="ftp.enthalpy.mx/palmas/" local="130663339391332000" remote="130608489600000000" Dst="1" />
</dwsync>