<?xml version="1.0" encoding="utf-8" ?>
<dwsync>
<file name="jquery.ui.accordion.min.js" server="ftp.enthalpy.mx/eventos/" local="130679747223330000" remote="130471992000000000" Dst="1" />
<file name="jquery.ui.autocomplete.min.js" server="ftp.enthalpy.mx/eventos/" local="130679747225550000" remote="130471992000000000" Dst="1" />
<file name="jquery-ui.custom.min.js" server="ftp.enthalpy.mx/eventos/" local="130679747226440000" remote="130471992000000000" Dst="1" />
<file name="jquery.ui.button.min.js" server="ftp.enthalpy.mx/eventos/" local="130679747227250000" remote="130471992000000000" Dst="1" />
<file name="jquery.ui.core.min.js" server="ftp.enthalpy.mx/eventos/" local="130679747227590000" remote="130471992000000000" Dst="1" />
<file name="jquery.ui.dialog.min.js" server="ftp.enthalpy.mx/eventos/" local="130679747229130000" remote="130471992000000000" Dst="1" />
<file name="jquery.ui.datepicker.min.js" server="ftp.enthalpy.mx/eventos/" local="130679747229990000" remote="130471992000000000" Dst="1" />
<file name="jquery.ui.draggable.min.js" server="ftp.enthalpy.mx/eventos/" local="130679747230800000" remote="130471992000000000" Dst="1" />
<file name="jquery.ui.droppable.min.js" server="ftp.enthalpy.mx/eventos/" local="130679747231730000" remote="130471992000000000" Dst="1" />
<file name="jquery.ui.effect-blind.min.js" server="ftp.enthalpy.mx/eventos/" local="130679747232030000" remote="130471992000000000" Dst="1" />
<file name="jquery.ui.effect-bounce.min.js" server="ftp.enthalpy.mx/eventos/" local="130679747234090000" remote="130471992000000000" Dst="1" />
<file name="jquery.ui.effect-clip.min.js" server="ftp.enthalpy.mx/eventos/" local="130679747234850000" remote="130471992000000000" Dst="1" />
<file name="jquery.ui.effect-drop.min.js" server="ftp.enthalpy.mx/eventos/" local="130679747234970000" remote="130471992000000000" Dst="1" />
<file name="jquery.ui.effect-explode.min.js" server="ftp.enthalpy.mx/eventos/" local="130679747237440000" remote="130471992000000000" Dst="1" />
<file name="jquery.ui.effect-fade.min.js" server="ftp.enthalpy.mx/eventos/" local="130679747237990000" remote="130471992000000000" Dst="1" />
<file name="jquery.ui.effect-fold.min.js" server="ftp.enthalpy.mx/eventos/" local="130679747238020000" remote="130471992000000000" Dst="1" />
<file name="jquery.ui.effect-highlight.min.js" server="ftp.enthalpy.mx/eventos/" local="130679747240180000" remote="130471992000000000" Dst="1" />
<file name="jquery.ui.effect-pulsate.min.js" server="ftp.enthalpy.mx/eventos/" local="130679747246010000" remote="130471992000000000" Dst="1" />
<file name="jquery.ui.effect-scale.min.js" server="ftp.enthalpy.mx/eventos/" local="130679747246040000" remote="130471992000000000" Dst="1" />
<file name="jquery.ui.effect-shake.min.js" server="ftp.enthalpy.mx/eventos/" local="130679747248140000" remote="130471992000000000" Dst="1" />
<file name="jquery.ui.effect-slide.min.js" server="ftp.enthalpy.mx/eventos/" local="130679747248670000" remote="130471992000000000" Dst="1" />
<file name="jquery.ui.effect-transfer.min.js" server="ftp.enthalpy.mx/eventos/" local="130679747248690000" remote="130471992000000000" Dst="1" />
<file name="jquery.ui.mouse.min.js" server="ftp.enthalpy.mx/eventos/" local="130679747250920000" remote="130471992000000000" Dst="1" />
<file name="jquery.ui.effect.min.js" server="ftp.enthalpy.mx/eventos/" local="130679747251480000" remote="130471992000000000" Dst="1" />
<file name="jquery.ui.menu.min.js" server="ftp.enthalpy.mx/eventos/" local="130679747251530000" remote="130471992000000000" Dst="1" />
<file name="jquery.ui.position.min.js" server="ftp.enthalpy.mx/eventos/" local="130679747252460000" remote="130471992000000000" Dst="1" />
<file name="jquery.ui.progressbar.min.js" server="ftp.enthalpy.mx/eventos/" local="130679747254020000" remote="130471992000000000" Dst="1" />
<file name="jquery.ui.resizable.min.js" server="ftp.enthalpy.mx/eventos/" local="130679747255080000" remote="130471992000000000" Dst="1" />
<file name="jquery.ui.selectable.min.js" server="ftp.enthalpy.mx/eventos/" local="130679747256050000" remote="130471992000000000" Dst="1" />
<file name="jquery.ui.sortable.min.js" server="ftp.enthalpy.mx/eventos/" local="130679747258060000" remote="130471992000000000" Dst="1" />
<file name="jquery.ui.widget.min.js" server="ftp.enthalpy.mx/eventos/" local="130679747258130000" remote="130471992000000000" Dst="1" />
</dwsync>