<?xml version="1.0" encoding="utf-8" ?>
<dwsync>
<file name="jquery-ui.css" server="ftp.enthalpy.mx/eventos/" local="130679746934510000" remote="130471992000000000" Dst="1" />
<file name="jquery.ui.accordion.css" server="ftp.enthalpy.mx/eventos/" local="130679746934570000" remote="130471992000000000" Dst="1" />
<file name="jquery.ui.all.css" server="ftp.enthalpy.mx/eventos/" local="130679746934860000" remote="130471992000000000" Dst="1" />
<file name="jquery.ui.autocomplete.css" server="ftp.enthalpy.mx/eventos/" local="130679746937250000" remote="130471992000000000" Dst="1" />
<file name="jquery.ui.base.css" server="ftp.enthalpy.mx/eventos/" local="130679746937290000" remote="130471992000000000" Dst="1" />
<file name="jquery.ui.button.css" server="ftp.enthalpy.mx/eventos/" local="130679746937580000" remote="130471992000000000" Dst="1" />
<file name="jquery.ui.core.css" server="ftp.enthalpy.mx/eventos/" local="130679746939850000" remote="130471992000000000" Dst="1" />
<file name="jquery.ui.datepicker.css" server="ftp.enthalpy.mx/eventos/" local="130679746940730000" remote="130471992000000000" Dst="1" />
<file name="jquery.ui.dialog.css" server="ftp.enthalpy.mx/eventos/" local="130679746940770000" remote="130471992000000000" Dst="1" />
<file name="jquery.ui.progressbar.css" server="ftp.enthalpy.mx/eventos/" local="130679746943010000" remote="130471992000000000" Dst="1" />
<file name="jquery.ui.menu.css" server="ftp.enthalpy.mx/eventos/" local="130679746943540000" remote="130471992000000000" Dst="1" />
<file name="jquery.ui.resizable.css" server="ftp.enthalpy.mx/eventos/" local="130679746943570000" remote="130471992000000000" Dst="1" />
<file name="jquery.ui.selectable.css" server="ftp.enthalpy.mx/eventos/" local="130679746946440000" remote="130471992000000000" Dst="1" />
<file name="jquery.ui.theme.css" server="ftp.enthalpy.mx/eventos/" local="130679746947030000" remote="130471992000000000" Dst="1" />
</dwsync>