<?xml version="1.0" encoding="utf-8" ?>
<dwsync>
<file name="Helvetica-Bold.otf" server="ftp.enthalpy.mx/palmas/" local="130663339299197000" remote="130608489600000000" Dst="1" />
<file name="bjqs.css" server="ftp.enthalpy.mx/palmas/" local="130663339300312000" remote="130608489600000000" Dst="1" />
<file name="close_fancy.fw.png" server="ftp.enthalpy.mx/palmas/" local="130663339303337000" remote="130608489600000000" Dst="1" />
<file name="eventos.css" server="ftp.enthalpy.mx/palmas/" local="130663339323542000" remote="130574571600000000" Dst="1" />
<file name="fancybox_loading.gif" server="ftp.enthalpy.mx/palmas/" local="130663339325742000" remote="130608489600000000" Dst="1" />
<file name="fancybox_loading@2x.gif" server="ftp.enthalpy.mx/palmas/" local="130663339326017000" remote="130608489600000000" Dst="1" />
<file name="fancybox_overlay.png" server="ftp.enthalpy.mx/palmas/" local="130663339326792000" remote="130608489600000000" Dst="1" />
<file name="fancybox_sprite.png" server="ftp.enthalpy.mx/palmas/" local="130663339328392000" remote="130608489600000000" Dst="1" />
<file name="fancybox_sprite@2x.png" server="ftp.enthalpy.mx/palmas/" local="130663339328667000" remote="130608489600000000" Dst="1" />
<file name="home.css" server="ftp.enthalpy.mx/palmas/" local="130663339334292000" remote="130505688000000000" Dst="1" />
<file name="index.css" server="ftp.enthalpy.mx/palmas/" local="130663339334367000" remote="130530453600000000" Dst="1" />
<file name="jquery-ui-timepicker-addon.min.css" server="ftp.enthalpy.mx/palmas/" local="130663339334992000" remote="130608489600000000" Dst="1" />
<file name="jquery.fancybox.css" server="ftp.enthalpy.mx/palmas/" local="130663339340017000" remote="130608489600000000" Dst="1" />
<file name="mCSB_buttons.png" server="ftp.enthalpy.mx/palmas/" local="130663339340042000" remote="130608489600000000" Dst="1" />
<file name="jquery.mCustomScrollbar.css" server="ftp.enthalpy.mx/palmas/" local="130663339340317000" remote="130608489600000000" Dst="1" />
</dwsync>