<?xml version="1.0" encoding="utf-8" ?>
<dwsync>
<file name="jquery-ui.min.css" server="ftp.enthalpy.mx/eventos/" local="130679746963910000" remote="130471992000000000" Dst="1" />
<file name="jquery.ui.accordion.min.css" server="ftp.enthalpy.mx/eventos/" local="130679746963950000" remote="130471992000000000" Dst="1" />
<file name="jquery.ui.autocomplete.min.css" server="ftp.enthalpy.mx/eventos/" local="130679746966400000" remote="130471992000000000" Dst="1" />
<file name="jquery.ui.button.min.css" server="ftp.enthalpy.mx/eventos/" local="130679746966700000" remote="130471992000000000" Dst="1" />
<file name="jquery.ui.core.min.css" server="ftp.enthalpy.mx/eventos/" local="130679746967010000" remote="130471992000000000" Dst="1" />
<file name="jquery.ui.datepicker.min.css" server="ftp.enthalpy.mx/eventos/" local="130679746968430000" remote="130471992000000000" Dst="1" />
<file name="jquery.ui.dialog.min.css" server="ftp.enthalpy.mx/eventos/" local="130679746969350000" remote="130471992000000000" Dst="1" />
<file name="jquery.ui.menu.min.css" server="ftp.enthalpy.mx/eventos/" local="130679746970380000" remote="130471992000000000" Dst="1" />
<file name="jquery.ui.progressbar.min.css" server="ftp.enthalpy.mx/eventos/" local="130679746970760000" remote="130471992000000000" Dst="1" />
<file name="jquery.ui.resizable.min.css" server="ftp.enthalpy.mx/eventos/" local="130679746973350000" remote="130471992000000000" Dst="1" />
<file name="jquery.ui.selectable.min.css" server="ftp.enthalpy.mx/eventos/" local="130679746973400000" remote="130471992000000000" Dst="1" />
<file name="jquery.ui.theme.min.css" server="ftp.enthalpy.mx/eventos/" local="130679746973720000" remote="130471992000000000" Dst="1" />
</dwsync>