<?xml version="1.0" encoding="utf-8" ?>
<dwsync>
<file name="accepted-elements.html" server="ftp.enthalpy.mx/eventos/" local="130679746764510000" remote="130471992000000000" Dst="1" />
<file name="default.html" server="ftp.enthalpy.mx/eventos/" local="130679746764660000" remote="130471992000000000" Dst="1" />
<file name="index.html" server="ftp.enthalpy.mx/eventos/" local="130679746779100000" remote="130471992000000000" Dst="1" />
<file name="photo-manager.html" server="ftp.enthalpy.mx/eventos/" local="130679746779140000" remote="130471992000000000" Dst="1" />
<file name="propagation.html" server="ftp.enthalpy.mx/eventos/" local="130679746780570000" remote="130471992000000000" Dst="1" />
<file name="revert.html" server="ftp.enthalpy.mx/eventos/" local="130679746783040000" remote="130471992000000000" Dst="1" />
<file name="shopping-cart.html" server="ftp.enthalpy.mx/eventos/" local="130679746784040000" remote="130471992000000000" Dst="1" />
<file name="visual-feedback.html" server="ftp.enthalpy.mx/eventos/" local="130679746784400000" remote="130471992000000000" Dst="1" />
</dwsync>