<?xml version="1.0" encoding="utf-8" ?>
<dwsync>
<file name="high_tatras.jpg" server="ftp.enthalpy.mx/eventos/" local="130679746765120000" remote="130471992000000000" Dst="1" />
<file name="high_tatras2_min.jpg" server="ftp.enthalpy.mx/eventos/" local="130679746770770000" remote="130471992000000000" Dst="1" />
<file name="high_tatras2.jpg" server="ftp.enthalpy.mx/eventos/" local="130679746771190000" remote="130471992000000000" Dst="1" />
<file name="high_tatras3.jpg" server="ftp.enthalpy.mx/eventos/" local="130679746772240000" remote="130471992000000000" Dst="1" />
<file name="high_tatras3_min.jpg" server="ftp.enthalpy.mx/eventos/" local="130679746772820000" remote="130471992000000000" Dst="1" />
<file name="high_tatras4.jpg" server="ftp.enthalpy.mx/eventos/" local="130679746775090000" remote="130471992000000000" Dst="1" />
<file name="high_tatras4_min.jpg" server="ftp.enthalpy.mx/eventos/" local="130679746775940000" remote="130471992000000000" Dst="1" />
<file name="high_tatras_min.jpg" server="ftp.enthalpy.mx/eventos/" local="130679746776430000" remote="130471992000000000" Dst="1" />
</dwsync>