<?xml version="1.0" encoding="utf-8" ?>
<dwsync>
<file name="AUTHORS" server="ftp.enthalpy.mx/eventos/" local="130679747398800000" remote="130525507800000000" Dst="1" />
<file name="BUGS" server="ftp.enthalpy.mx/eventos/" local="130679747402530000" remote="130525507800000000" Dst="1" />
<file name="LICENSE" server="ftp.enthalpy.mx/eventos/" local="130679747405900000" remote="130525507800000000" Dst="1" />
<file name="README" server="ftp.enthalpy.mx/eventos/" local="130679747409820000" remote="130525507800000000" Dst="1" />
<file name="NEWS" server="ftp.enthalpy.mx/eventos/" local="130679747410310000" remote="130525507800000000" Dst="1" />
<file name="langcover.txt" server="ftp.enthalpy.mx/eventos/" local="130679747414170000" remote="130525507800000000" Dst="1" />
<file name="unicover.txt" server="ftp.enthalpy.mx/eventos/" local="130679747416900000" remote="130525507800000000" Dst="1" />
<file name="status.txt" server="ftp.enthalpy.mx/eventos/" local="130679747452710000" remote="130525507800000000" Dst="1" />
</dwsync>