<?xml version="1.0" encoding="utf-8" ?>
<dwsync>
<file name="animate.html" server="ftp.enthalpy.mx/eventos/" local="130679746826850000" remote="130471992000000000" Dst="1" />
<file name="aspect-ratio.html" server="ftp.enthalpy.mx/eventos/" local="130679746829690000" remote="130471992000000000" Dst="1" />
<file name="constrain-area.html" server="ftp.enthalpy.mx/eventos/" local="130679746830330000" remote="130471992000000000" Dst="1" />
<file name="default.html" server="ftp.enthalpy.mx/eventos/" local="130679746830360000" remote="130471992000000000" Dst="1" />
<file name="delay-start.html" server="ftp.enthalpy.mx/eventos/" local="130679746832540000" remote="130471992000000000" Dst="1" />
<file name="helper.html" server="ftp.enthalpy.mx/eventos/" local="130679746833130000" remote="130471992000000000" Dst="1" />
<file name="index.html" server="ftp.enthalpy.mx/eventos/" local="130679746833190000" remote="130471992000000000" Dst="1" />
<file name="max-min.html" server="ftp.enthalpy.mx/eventos/" local="130679746835320000" remote="130471992000000000" Dst="1" />
<file name="snap-to-grid.html" server="ftp.enthalpy.mx/eventos/" local="130679746835870000" remote="130471992000000000" Dst="1" />
<file name="synchronous-resize.html" server="ftp.enthalpy.mx/eventos/" local="130679746835900000" remote="130471992000000000" Dst="1" />
<file name="textarea.html" server="ftp.enthalpy.mx/eventos/" local="130679746838020000" remote="130471992000000000" Dst="1" />
<file name="visual-feedback.html" server="ftp.enthalpy.mx/eventos/" local="130679746840240000" remote="130471992000000000" Dst="1" />
</dwsync>