<?xml version="1.0" encoding="utf-8" ?>
<dwsync>
<file name="cp1250.map" server="ftp.enthalpy.mx/eventos/" local="130679746516600000" remote="130593204000000000" Dst="1" />
<file name="cp1251.map" server="ftp.enthalpy.mx/eventos/" local="130679746517850000" remote="130593204000000000" Dst="1" />
<file name="cp1252.map" server="ftp.enthalpy.mx/eventos/" local="130679746518710000" remote="130593204000000000" Dst="1" />
<file name="cp1253.map" server="ftp.enthalpy.mx/eventos/" local="130679746521070000" remote="130593204000000000" Dst="1" />
<file name="cp1254.map" server="ftp.enthalpy.mx/eventos/" local="130679746523070000" remote="130593204000000000" Dst="1" />
<file name="cp1255.map" server="ftp.enthalpy.mx/eventos/" local="130679746525340000" remote="130593204000000000" Dst="1" />
<file name="cp1257.map" server="ftp.enthalpy.mx/eventos/" local="130679746526010000" remote="130593204000000000" Dst="1" />
<file name="cp1258.map" server="ftp.enthalpy.mx/eventos/" local="130679746526080000" remote="130593204000000000" Dst="1" />
<file name="cp874.map" server="ftp.enthalpy.mx/eventos/" local="130679746528290000" remote="130593204000000000" Dst="1" />
<file name="iso-8859-1.map" server="ftp.enthalpy.mx/eventos/" local="130679746528850000" remote="130593204000000000" Dst="1" />
<file name="iso-8859-11.map" server="ftp.enthalpy.mx/eventos/" local="130679746528890000" remote="130593204000000000" Dst="1" />
<file name="iso-8859-15.map" server="ftp.enthalpy.mx/eventos/" local="130679746531440000" remote="130593204000000000" Dst="1" />
<file name="iso-8859-16.map" server="ftp.enthalpy.mx/eventos/" local="130679746531480000" remote="130593204000000000" Dst="1" />
<file name="iso-8859-2.map" server="ftp.enthalpy.mx/eventos/" local="130679746531830000" remote="130593204000000000" Dst="1" />
<file name="iso-8859-4.map" server="ftp.enthalpy.mx/eventos/" local="130679746534050000" remote="130593204000000000" Dst="1" />
<file name="iso-8859-5.map" server="ftp.enthalpy.mx/eventos/" local="130679746535240000" remote="130593204000000000" Dst="1" />
<file name="iso-8859-7.map" server="ftp.enthalpy.mx/eventos/" local="130679746535260000" remote="130593204000000000" Dst="1" />
<file name="koi8-u.map" server="ftp.enthalpy.mx/eventos/" local="130679746539860000" remote="130593204000000000" Dst="1" />
<file name="iso-8859-9.map" server="ftp.enthalpy.mx/eventos/" local="130679746540410000" remote="130593204000000000" Dst="1" />
<file name="koi8-r.map" server="ftp.enthalpy.mx/eventos/" local="130679746540430000" remote="130593204000000000" Dst="1" />
</dwsync>