<?xml version="1.0" encoding="utf-8" ?>
<dwsync>
<file name="accepted-elements.html" server="ftp.enthalpy.mx/palmas/" local="130663339455882000" remote="130608490200000000" Dst="1" />
<file name="default.html" server="ftp.enthalpy.mx/palmas/" local="130663339455932000" remote="130608490200000000" Dst="1" />
<file name="index.html" server="ftp.enthalpy.mx/palmas/" local="130663339466857000" remote="130608490200000000" Dst="1" />
<file name="photo-manager.html" server="ftp.enthalpy.mx/palmas/" local="130663339468732000" remote="130608490200000000" Dst="1" />
<file name="propagation.html" server="ftp.enthalpy.mx/palmas/" local="130663339469582000" remote="130608490200000000" Dst="1" />
<file name="revert.html" server="ftp.enthalpy.mx/palmas/" local="130663339471282000" remote="130608490200000000" Dst="1" />
<file name="shopping-cart.html" server="ftp.enthalpy.mx/palmas/" local="130663339472732000" remote="130608490200000000" Dst="1" />
<file name="visual-feedback.html" server="ftp.enthalpy.mx/palmas/" local="130663339473582000" remote="130608490200000000" Dst="1" />
</dwsync>