<?xml version="1.0" encoding="utf-8" ?>
<dwsync>
<file name="jquery-ui.css" server="ftp.enthalpy.mx/eventos/" local="130679746990140000" remote="130471992000000000" Dst="1" />
<file name="jquery.ui.accordion.css" server="ftp.enthalpy.mx/eventos/" local="130679746992770000" remote="130471992000000000" Dst="1" />
<file name="jquery.ui.all.css" server="ftp.enthalpy.mx/eventos/" local="130679746993590000" remote="130471992000000000" Dst="1" />
<file name="jquery.ui.autocomplete.css" server="ftp.enthalpy.mx/eventos/" local="130679746993890000" remote="130471992000000000" Dst="1" />
<file name="jquery.ui.base.css" server="ftp.enthalpy.mx/eventos/" local="130679746995220000" remote="130471992000000000" Dst="1" />
<file name="jquery.ui.button.css" server="ftp.enthalpy.mx/eventos/" local="130679746996010000" remote="130471992000000000" Dst="1" />
<file name="jquery.ui.core.css" server="ftp.enthalpy.mx/eventos/" local="130679746996330000" remote="130471992000000000" Dst="1" />
<file name="jquery.ui.datepicker.css" server="ftp.enthalpy.mx/eventos/" local="130679746998900000" remote="130471992000000000" Dst="1" />
<file name="jquery.ui.dialog.css" server="ftp.enthalpy.mx/eventos/" local="130679746999700000" remote="130471992000000000" Dst="1" />
<file name="jquery.ui.menu.css" server="ftp.enthalpy.mx/eventos/" local="130679747000030000" remote="130471992000000000" Dst="1" />
<file name="jquery.ui.progressbar.css" server="ftp.enthalpy.mx/eventos/" local="130679747002950000" remote="130471992000000000" Dst="1" />
<file name="jquery.ui.resizable.css" server="ftp.enthalpy.mx/eventos/" local="130679747003960000" remote="130471992000000000" Dst="1" />
<file name="jquery.ui.selectable.css" server="ftp.enthalpy.mx/eventos/" local="130679747004420000" remote="130471992000000000" Dst="1" />
<file name="jquery.ui.theme.css" server="ftp.enthalpy.mx/eventos/" local="130679747007050000" remote="130471992000000000" Dst="1" />
</dwsync>