<?xml version="1.0" encoding="utf-8" ?>
<dwsync>
<file name="Helvetica-Bold.otf" server="ftp.enthalpy.mx/eventos/" local="130679746626300000" remote="130503960000000000" Dst="1" />
<file name="bjqs.css" server="ftp.enthalpy.mx/eventos/" local="130679746627410000" remote="130503960000000000" Dst="1" />
<file name="close_fancy.fw.png" server="ftp.enthalpy.mx/eventos/" local="130679746628610000" remote="130503960000000000" Dst="1" />
<file name="eventos.css" server="ftp.enthalpy.mx/eventos/" local="130679746647090000" remote="130593204600000000" Dst="1" />
<file name="fancybox_loading.gif" server="ftp.enthalpy.mx/eventos/" local="130679746647430000" remote="130503960000000000" Dst="1" />
<file name="fancybox_loading@2x.gif" server="ftp.enthalpy.mx/eventos/" local="130679746649410000" remote="130503960000000000" Dst="1" />
<file name="fancybox_overlay.png" server="ftp.enthalpy.mx/eventos/" local="130679746650260000" remote="130503960000000000" Dst="1" />
<file name="fancybox_sprite.png" server="ftp.enthalpy.mx/eventos/" local="130679746650620000" remote="130503960000000000" Dst="1" />
<file name="fancybox_sprite@2x.png" server="ftp.enthalpy.mx/eventos/" local="130679746652470000" remote="130503960000000000" Dst="1" />
<file name="home.css" server="ftp.enthalpy.mx/eventos/" local="130679746653570000" remote="130471992000000000" Dst="1" />
<file name="index.css" server="ftp.enthalpy.mx/eventos/" local="130679746653920000" remote="130593204600000000" Dst="1" />
<file name="jquery-ui-timepicker-addon.min.css" server="ftp.enthalpy.mx/eventos/" local="130679746655650000" remote="130503960000000000" Dst="1" />
<file name="jquery.fancybox.css" server="ftp.enthalpy.mx/eventos/" local="130679746656630000" remote="130503960000000000" Dst="1" />
<file name="jquery.mCustomScrollbar.css" server="ftp.enthalpy.mx/eventos/" local="130679746657260000" remote="130503960000000000" Dst="1" />
<file name="mCSB_buttons.png" server="ftp.enthalpy.mx/eventos/" local="130679746659520000" remote="130503960000000000" Dst="1" />
</dwsync>