<?xml version="1.0" encoding="utf-8" ?>
<dwsync>
<file name="README.TXT" server="ftp.enthalpy.mx/palmas/" local="130663338540057000" remote="130608489600000000" Dst="1" />
<file name="ZarBold.ctg.z" server="ftp.enthalpy.mx/palmas/" local="130663338543137000" remote="130608489600000000" Dst="1" />
<file name="ZarBold.z" server="ftp.enthalpy.mx/palmas/" local="130663338545097000" remote="130608489600000000" Dst="1" />
<file name="almohanad.ctg.z" server="ftp.enthalpy.mx/palmas/" local="130663338547127000" remote="130608488400000000" Dst="1" />
<file name="almohanad.php" server="ftp.enthalpy.mx/palmas/" local="130663338547597000" remote="130608488400000000" Dst="1" />
<file name="almohanad.z" server="ftp.enthalpy.mx/palmas/" local="130663338565997000" remote="130608488400000000" Dst="1" />
<file name="courier.php" server="ftp.enthalpy.mx/palmas/" local="130663338567047000" remote="130608488400000000" Dst="1" />
<file name="arialunicid0.php" server="ftp.enthalpy.mx/palmas/" local="130663338580587000" remote="130608488400000000" Dst="1" />
<file name="dejavusans.ctg.z" server="ftp.enthalpy.mx/palmas/" local="130663338593117000" remote="130608488400000000" Dst="1" />
<file name="dejavusans.php" server="ftp.enthalpy.mx/palmas/" local="130663338598127000" remote="130608488400000000" Dst="1" />
<file name="dejavusansb.ctg.z" server="ftp.enthalpy.mx/palmas/" local="130663338602757000" remote="130608488400000000" Dst="1" />
<file name="dejavusansb.php" server="ftp.enthalpy.mx/palmas/" local="130663338619167000" remote="130608488400000000" Dst="1" />
<file name="dejavusans.z" server="ftp.enthalpy.mx/palmas/" local="130663338634957000" remote="130608488400000000" Dst="1" />
<file name="dejavusansbi.ctg.z" server="ftp.enthalpy.mx/palmas/" local="130663338640447000" remote="130608488400000000" Dst="1" />
<file name="dejavusansb.z" server="ftp.enthalpy.mx/palmas/" local="130663338643627000" remote="130608489000000000" Dst="1" />
<file name="dejavusansbi.php" server="ftp.enthalpy.mx/palmas/" local="130663338645947000" remote="130608488400000000" Dst="1" />
<file name="dejavusanscondensed.ctg.z" server="ftp.enthalpy.mx/palmas/" local="130663338648427000" remote="130608489000000000" Dst="1" />
<file name="dejavusanscondensed.php" server="ftp.enthalpy.mx/palmas/" local="130663338654177000" remote="130608489000000000" Dst="1" />
<file name="dejavusanscondensedb.ctg.z" server="ftp.enthalpy.mx/palmas/" local="130663338661167000" remote="130608489000000000" Dst="1" />
<file name="dejavusansbi.z" server="ftp.enthalpy.mx/palmas/" local="130663338662287000" remote="130608489000000000" Dst="1" />
<file name="dejavusanscondensed.z" server="ftp.enthalpy.mx/palmas/" local="130663338666297000" remote="130608489000000000" Dst="1" />
<file name="dejavusanscondensedbi.ctg.z" server="ftp.enthalpy.mx/palmas/" local="130663338668737000" remote="130608489000000000" Dst="1" />
<file name="dejavusanscondensedb.php" server="ftp.enthalpy.mx/palmas/" local="130663338669457000" remote="130608489000000000" Dst="1" />
<file name="dejavusanscondensedb.z" server="ftp.enthalpy.mx/palmas/" local="130663338674517000" remote="130608489000000000" Dst="1" />
<file name="dejavusanscondensedi.ctg.z" server="ftp.enthalpy.mx/palmas/" local="130663338676607000" remote="130608489000000000" Dst="1" />
<file name="dejavusanscondensedbi.php" server="ftp.enthalpy.mx/palmas/" local="130663338677197000" remote="130608489000000000" Dst="1" />
<file name="dejavusanscondensedi.php" server="ftp.enthalpy.mx/palmas/" local="130663338682277000" remote="130608489000000000" Dst="1" />
<file name="dejavusanscondensedbi.z" server="ftp.enthalpy.mx/palmas/" local="130663338683297000" remote="130608489000000000" Dst="1" />
<file name="dejavusansi.ctg.z" server="ftp.enthalpy.mx/palmas/" local="130663338686067000" remote="130608489000000000" Dst="1" />
<file name="dejavusansi.php" server="ftp.enthalpy.mx/palmas/" local="130663338691387000" remote="130608489000000000" Dst="1" />
<file name="dejavusanscondensedi.z" server="ftp.enthalpy.mx/palmas/" local="130663338693147000" remote="130608489000000000" Dst="1" />
<file name="dejavusansmono.ctg.z" server="ftp.enthalpy.mx/palmas/" local="130663338693757000" remote="130608489000000000" Dst="1" />
<file name="dejavusansmono.php" server="ftp.enthalpy.mx/palmas/" local="130663338699027000" remote="130608489000000000" Dst="1" />
<file name="dejavusansmonob.ctg.z" server="ftp.enthalpy.mx/palmas/" local="130663338703417000" remote="130608489000000000" Dst="1" />
<file name="dejavusansi.z" server="ftp.enthalpy.mx/palmas/" local="130663338706697000" remote="130608489000000000" Dst="1" />
<file name="dejavusansmonob.php" server="ftp.enthalpy.mx/palmas/" local="130663338707387000" remote="130608489000000000" Dst="1" />
<file name="dejavusansmono.z" server="ftp.enthalpy.mx/palmas/" local="130663338709207000" remote="130608489000000000" Dst="1" />
<file name="dejavusansmonobi.ctg.z" server="ftp.enthalpy.mx/palmas/" local="130663338710597000" remote="130608489000000000" Dst="1" />
<file name="dejavusansmonobi.php" server="ftp.enthalpy.mx/palmas/" local="130663338715347000" remote="130608489000000000" Dst="1" />
<file name="dejavusansmonob.z" server="ftp.enthalpy.mx/palmas/" local="130663338717827000" remote="130608489000000000" Dst="1" />
<file name="dejavusansmonoi.ctg.z" server="ftp.enthalpy.mx/palmas/" local="130663338718387000" remote="130608489000000000" Dst="1" />
<file name="dejavusansmonobi.z" server="ftp.enthalpy.mx/palmas/" local="130663338718897000" remote="130608489000000000" Dst="1" />
<file name="dejavusansmonoi.php" server="ftp.enthalpy.mx/palmas/" local="130663338721667000" remote="130608489000000000" Dst="1" />
<file name="dejavuserif.ctg.z" server="ftp.enthalpy.mx/palmas/" local="130663338723337000" remote="130608489000000000" Dst="1" />
<file name="dejavuserif.php" server="ftp.enthalpy.mx/palmas/" local="130663338742647000" remote="130608489000000000" Dst="1" />
<file name="dejavuserifb.ctg.z" server="ftp.enthalpy.mx/palmas/" local="130663338749797000" remote="130608489000000000" Dst="1" />
<file name="dejavusansmonoi.z" server="ftp.enthalpy.mx/palmas/" local="130663338785017000" remote="130608489000000000" Dst="1" />
<file name="dejavuserifb.php" server="ftp.enthalpy.mx/palmas/" local="130663338786327000" remote="130608489000000000" Dst="1" />
<file name="dejavuserif.z" server="ftp.enthalpy.mx/palmas/" local="130663338791677000" remote="130608489000000000" Dst="1" />
<file name="dejavuserifbi.ctg.z" server="ftp.enthalpy.mx/palmas/" local="130663338810157000" remote="130608489000000000" Dst="1" />
<file name="dejavuserifbi.php" server="ftp.enthalpy.mx/palmas/" local="130663338818817000" remote="130608489000000000" Dst="1" />
<file name="dejavuserifcondensed.ctg.z" server="ftp.enthalpy.mx/palmas/" local="130663338826157000" remote="130608489000000000" Dst="1" />
<file name="dejavuserifbi.z" server="ftp.enthalpy.mx/palmas/" local="130663338828617000" remote="130608489000000000" Dst="1" />
<file name="dejavuserifcondensed.php" server="ftp.enthalpy.mx/palmas/" local="130663338862627000" remote="130608489000000000" Dst="1" />
<file name="dejavuserifb.z" server="ftp.enthalpy.mx/palmas/" local="130663338863897000" remote="130608489000000000" Dst="1" />
<file name="dejavuserifcondensedb.ctg.z" server="ftp.enthalpy.mx/palmas/" local="130663338872437000" remote="130608489000000000" Dst="1" />
<file name="dejavuserifcondensedb.php" server="ftp.enthalpy.mx/palmas/" local="130663338874487000" remote="130608489000000000" Dst="1" />
<file name="dejavuserifcondensedbi.ctg.z" server="ftp.enthalpy.mx/palmas/" local="130663338890967000" remote="130608489000000000" Dst="1" />
<file name="dejavuserifcondensedbi.php" server="ftp.enthalpy.mx/palmas/" local="130663338903897000" remote="130608489000000000" Dst="1" />
<file name="dejavuserifcondensed.z" server="ftp.enthalpy.mx/palmas/" local="130663338905917000" remote="130608489000000000" Dst="1" />
<file name="dejavuserifcondensedi.ctg.z" server="ftp.enthalpy.mx/palmas/" local="130663338914967000" remote="130608489000000000" Dst="1" />
<file name="dejavuserifcondensedi.php" server="ftp.enthalpy.mx/palmas/" local="130663338923767000" remote="130608489000000000" Dst="1" />
<file name="dejavuserifcondensedb.z" server="ftp.enthalpy.mx/palmas/" local="130663338925107000" remote="130608489000000000" Dst="1" />
<file name="dejavuserifcondensedbi.z" server="ftp.enthalpy.mx/palmas/" local="130663338928887000" remote="130608489000000000" Dst="1" />
<file name="dejavuserifi.ctg.z" server="ftp.enthalpy.mx/palmas/" local="130663338931797000" remote="130608489000000000" Dst="1" />
<file name="dejavuserifi.php" server="ftp.enthalpy.mx/palmas/" local="130663338953047000" remote="130608489000000000" Dst="1" />
<file name="dejavuserifcondensedi.z" server="ftp.enthalpy.mx/palmas/" local="130663338954157000" remote="130608489000000000" Dst="1" />
<file name="dejavuserifi.z" server="ftp.enthalpy.mx/palmas/" local="130663338966897000" remote="130608489000000000" Dst="1" />
<file name="freemono.ctg.z" server="ftp.enthalpy.mx/palmas/" local="130663338977457000" remote="130608489000000000" Dst="1" />
<file name="freemono.php" server="ftp.enthalpy.mx/palmas/" local="130663338986237000" remote="130608489000000000" Dst="1" />
<file name="freemonob.ctg.z" server="ftp.enthalpy.mx/palmas/" local="130663338989567000" remote="130608489000000000" Dst="1" />
<file name="freemonob.php" server="ftp.enthalpy.mx/palmas/" local="130663338994487000" remote="130608489000000000" Dst="1" />
<file name="freemono.z" server="ftp.enthalpy.mx/palmas/" local="130663338995177000" remote="130608489000000000" Dst="1" />
<file name="freemonobi.ctg.z" server="ftp.enthalpy.mx/palmas/" local="130663338998997000" remote="130608489000000000" Dst="1" />
<file name="freemonob.z" server="ftp.enthalpy.mx/palmas/" local="130663339003177000" remote="130608489000000000" Dst="1" />
<file name="freemonobi.php" server="ftp.enthalpy.mx/palmas/" local="130663339006987000" remote="130608489000000000" Dst="1" />
<file name="freemonoi.ctg.z" server="ftp.enthalpy.mx/palmas/" local="130663339010647000" remote="130608489000000000" Dst="1" />
<file name="freemonoi.php" server="ftp.enthalpy.mx/palmas/" local="130663339018357000" remote="130608489000000000" Dst="1" />
<file name="freemonobi.z" server="ftp.enthalpy.mx/palmas/" local="130663339019497000" remote="130608489000000000" Dst="1" />
<file name="freesans.ctg.z" server="ftp.enthalpy.mx/palmas/" local="130663339025317000" remote="130608489000000000" Dst="1" />
<file name="freemonoi.z" server="ftp.enthalpy.mx/palmas/" local="130663339026377000" remote="130608489000000000" Dst="1" />
<file name="freesans.php" server="ftp.enthalpy.mx/palmas/" local="130663339029737000" remote="130608489000000000" Dst="1" />
<file name="freesansb.ctg.z" server="ftp.enthalpy.mx/palmas/" local="130663339033547000" remote="130608489000000000" Dst="1" />
<file name="freesansb.php" server="ftp.enthalpy.mx/palmas/" local="130663339040757000" remote="130608489000000000" Dst="1" />
<file name="freesansbi.ctg.z" server="ftp.enthalpy.mx/palmas/" local="130663339063342000" remote="130608489000000000" Dst="1" />
<file name="freesansb.z" server="ftp.enthalpy.mx/palmas/" local="130663339072342000" remote="130608489000000000" Dst="1" />
<file name="freesans.z" server="ftp.enthalpy.mx/palmas/" local="130663339073092000" remote="130608489000000000" Dst="1" />
<file name="freesansbi.php" server="ftp.enthalpy.mx/palmas/" local="130663339073912000" remote="130608489000000000" Dst="1" />
<file name="freesansi.ctg.z" server="ftp.enthalpy.mx/palmas/" local="130663339078422000" remote="130608489000000000" Dst="1" />
<file name="freesansi.php" server="ftp.enthalpy.mx/palmas/" local="130663339080152000" remote="130608489000000000" Dst="1" />
<file name="freesansbi.z" server="ftp.enthalpy.mx/palmas/" local="130663339080702000" remote="130608489000000000" Dst="1" />
<file name="freeserif.ctg.z" server="ftp.enthalpy.mx/palmas/" local="130663339083992000" remote="130608489000000000" Dst="1" />
<file name="freeserif.php" server="ftp.enthalpy.mx/palmas/" local="130663339087282000" remote="130608489600000000" Dst="1" />
<file name="freesansi.z" server="ftp.enthalpy.mx/palmas/" local="130663339087722000" remote="130608489600000000" Dst="1" />
<file name="freeserifb.ctg.z" server="ftp.enthalpy.mx/palmas/" local="130663339096792000" remote="130608489600000000" Dst="1" />
<file name="freeserifb.php" server="ftp.enthalpy.mx/palmas/" local="130663339102782000" remote="130608489600000000" Dst="1" />
<file name="freeserifbi.ctg.z" server="ftp.enthalpy.mx/palmas/" local="130663339107342000" remote="130608489600000000" Dst="1" />
<file name="freeserifb.z" server="ftp.enthalpy.mx/palmas/" local="130663339112682000" remote="130608489600000000" Dst="1" />
<file name="freeserifbi.php" server="ftp.enthalpy.mx/palmas/" local="130663339115692000" remote="130608489600000000" Dst="1" />
<file name="freeserifi.ctg.z" server="ftp.enthalpy.mx/palmas/" local="130663339119462000" remote="130608489600000000" Dst="1" />
<file name="freeserif.z" server="ftp.enthalpy.mx/palmas/" local="130663339120042000" remote="130608489600000000" Dst="1" />
<file name="freeserifi.php" server="ftp.enthalpy.mx/palmas/" local="130663339123942000" remote="130608489600000000" Dst="1" />
<file name="freeserifbi.z" server="ftp.enthalpy.mx/palmas/" local="130663339124362000" remote="130608489600000000" Dst="1" />
<file name="helvetica.php" server="ftp.enthalpy.mx/palmas/" local="130663339129102000" remote="130608489600000000" Dst="1" />
<file name="helveticab.php" server="ftp.enthalpy.mx/palmas/" local="130663339137162000" remote="130608489600000000" Dst="1" />
<file name="helveticabi.php" server="ftp.enthalpy.mx/palmas/" local="130663339140042000" remote="130608489600000000" Dst="1" />
<file name="helveticai.php" server="ftp.enthalpy.mx/palmas/" local="130663339140462000" remote="130608489600000000" Dst="1" />
<file name="freeserifi.z" server="ftp.enthalpy.mx/palmas/" local="130663339140812000" remote="130608489600000000" Dst="1" />
<file name="kozgopromedium.php" server="ftp.enthalpy.mx/palmas/" local="130663339146272000" remote="130608489600000000" Dst="1" />
<file name="kozminproregular.php" server="ftp.enthalpy.mx/palmas/" local="130663339146572000" remote="130608489600000000" Dst="1" />
<file name="hysmyeongjostdmedium.php" server="ftp.enthalpy.mx/palmas/" local="130663339146872000" remote="130608489600000000" Dst="1" />
<file name="msungstdlight.php" server="ftp.enthalpy.mx/palmas/" local="130663339148302000" remote="130608489600000000" Dst="1" />
<file name="stsongstdlight.php" server="ftp.enthalpy.mx/palmas/" local="130663339149192000" remote="130608489600000000" Dst="1" />
<file name="symbol.php" server="ftp.enthalpy.mx/palmas/" local="130663339150112000" remote="130608489600000000" Dst="1" />
<file name="times.php" server="ftp.enthalpy.mx/palmas/" local="130663339150412000" remote="130608489600000000" Dst="1" />
<file name="timesb.php" server="ftp.enthalpy.mx/palmas/" local="130663339152442000" remote="130608489600000000" Dst="1" />
<file name="timesbi.php" server="ftp.enthalpy.mx/palmas/" local="130663339153022000" remote="130608489600000000" Dst="1" />
<file name="timesi.php" server="ftp.enthalpy.mx/palmas/" local="130663339153042000" remote="130608489600000000" Dst="1" />
<file name="uni2cid_aj16.php" server="ftp.enthalpy.mx/palmas/" local="130663339176472000" remote="130608489600000000" Dst="1" />
<file name="uni2cid_ac15.php" server="ftp.enthalpy.mx/palmas/" local="130663339177532000" remote="130608489600000000" Dst="1" />
<file name="uni2cid_ag15.php" server="ftp.enthalpy.mx/palmas/" local="130663339178962000" remote="130608489600000000" Dst="1" />
<file name="uni2cid_ak12.php" server="ftp.enthalpy.mx/palmas/" local="130663339192512000" remote="130608489600000000" Dst="1" />
<file name="zapfdingbats.php" server="ftp.enthalpy.mx/palmas/" local="130663339241767000" remote="130608489600000000" Dst="1" />
<file name="zarbold.php" server="ftp.enthalpy.mx/palmas/" local="130663339244117000" remote="130608489600000000" Dst="1" />
</dwsync>