<?xml version="1.0" encoding="utf-8" ?>
<dwsync>
<file name="constrain-movement.html" server="ftp.enthalpy.mx/eventos/" local="130679746750850000" remote="130471992000000000" Dst="1" />
<file name="cursor-style.html" server="ftp.enthalpy.mx/eventos/" local="130679746750900000" remote="130471992000000000" Dst="1" />
<file name="default.html" server="ftp.enthalpy.mx/eventos/" local="130679746751210000" remote="130471992000000000" Dst="1" />
<file name="delay-start.html" server="ftp.enthalpy.mx/eventos/" local="130679746753510000" remote="130471992000000000" Dst="1" />
<file name="events.html" server="ftp.enthalpy.mx/eventos/" local="130679746754130000" remote="130471992000000000" Dst="1" />
<file name="handle.html" server="ftp.enthalpy.mx/eventos/" local="130679746754170000" remote="130471992000000000" Dst="1" />
<file name="index.html" server="ftp.enthalpy.mx/eventos/" local="130679746758260000" remote="130471992000000000" Dst="1" />
<file name="revert.html" server="ftp.enthalpy.mx/eventos/" local="130679746758800000" remote="130471992000000000" Dst="1" />
<file name="scroll.html" server="ftp.enthalpy.mx/eventos/" local="130679746758850000" remote="130471992000000000" Dst="1" />
<file name="snap-to.html" server="ftp.enthalpy.mx/eventos/" local="130679746761340000" remote="130471992000000000" Dst="1" />
<file name="sortable.html" server="ftp.enthalpy.mx/eventos/" local="130679746761890000" remote="130471992000000000" Dst="1" />
<file name="visual-feedback.html" server="ftp.enthalpy.mx/eventos/" local="130679746761920000" remote="130471992000000000" Dst="1" />
</dwsync>