<?xml version="1.0" encoding="utf-8" ?>
<dwsync>
<file name="connect-lists-through-tabs.html" server="ftp.enthalpy.mx/eventos/" local="130679746846000000" remote="130471992000000000" Dst="1" />
<file name="connect-lists.html" server="ftp.enthalpy.mx/eventos/" local="130679746848530000" remote="130471992000000000" Dst="1" />
<file name="default.html" server="ftp.enthalpy.mx/eventos/" local="130679746849630000" remote="130471992000000000" Dst="1" />
<file name="delay-start.html" server="ftp.enthalpy.mx/eventos/" local="130679746849660000" remote="130471992000000000" Dst="1" />
<file name="display-grid.html" server="ftp.enthalpy.mx/eventos/" local="130679746852490000" remote="130471992000000000" Dst="1" />
<file name="empty-lists.html" server="ftp.enthalpy.mx/eventos/" local="130679746852520000" remote="130471992000000000" Dst="1" />
<file name="index.html" server="ftp.enthalpy.mx/eventos/" local="130679746852860000" remote="130471992000000000" Dst="1" />
<file name="items.html" server="ftp.enthalpy.mx/eventos/" local="130679746855260000" remote="130471992000000000" Dst="1" />
<file name="placeholder.html" server="ftp.enthalpy.mx/eventos/" local="130679746855290000" remote="130471992000000000" Dst="1" />
<file name="portlets.html" server="ftp.enthalpy.mx/eventos/" local="130679746855640000" remote="130471992000000000" Dst="1" />
</dwsync>