<?xml version="1.0" encoding="utf-8" ?>
<dwsync>
<file name="cp1250.map" server="ftp.enthalpy.mx/eventos/" local="130679747681770000" remote="130525508400000000" Dst="1" />
<file name="cp1251.map" server="ftp.enthalpy.mx/eventos/" local="130679747684730000" remote="130525508400000000" Dst="1" />
<file name="cp1252.map" server="ftp.enthalpy.mx/eventos/" local="130679747684800000" remote="130525508400000000" Dst="1" />
<file name="cp1253.map" server="ftp.enthalpy.mx/eventos/" local="130679747685190000" remote="130525508400000000" Dst="1" />
<file name="cp1254.map" server="ftp.enthalpy.mx/eventos/" local="130679747687710000" remote="130525508400000000" Dst="1" />
<file name="cp1255.map" server="ftp.enthalpy.mx/eventos/" local="130679747688900000" remote="130525508400000000" Dst="1" />
<file name="cp1257.map" server="ftp.enthalpy.mx/eventos/" local="130679747688940000" remote="130525508400000000" Dst="1" />
<file name="cp1258.map" server="ftp.enthalpy.mx/eventos/" local="130679747692040000" remote="130525508400000000" Dst="1" />
<file name="cp874.map" server="ftp.enthalpy.mx/eventos/" local="130679747692490000" remote="130525508400000000" Dst="1" />
<file name="iso-8859-1.map" server="ftp.enthalpy.mx/eventos/" local="130679747692860000" remote="130525508400000000" Dst="1" />
<file name="iso-8859-11.map" server="ftp.enthalpy.mx/eventos/" local="130679747695520000" remote="130525508400000000" Dst="1" />
<file name="iso-8859-15.map" server="ftp.enthalpy.mx/eventos/" local="130679747696120000" remote="130525508400000000" Dst="1" />
<file name="iso-8859-16.map" server="ftp.enthalpy.mx/eventos/" local="130679747696160000" remote="130525508400000000" Dst="1" />
<file name="iso-8859-2.map" server="ftp.enthalpy.mx/eventos/" local="130679747698770000" remote="130525508400000000" Dst="1" />
<file name="iso-8859-4.map" server="ftp.enthalpy.mx/eventos/" local="130679747699320000" remote="130525508400000000" Dst="1" />
<file name="iso-8859-5.map" server="ftp.enthalpy.mx/eventos/" local="130679747699350000" remote="130525508400000000" Dst="1" />
<file name="iso-8859-7.map" server="ftp.enthalpy.mx/eventos/" local="130679747704250000" remote="130525508400000000" Dst="1" />
<file name="iso-8859-9.map" server="ftp.enthalpy.mx/eventos/" local="130679747704270000" remote="130525508400000000" Dst="1" />
<file name="koi8-r.map" server="ftp.enthalpy.mx/eventos/" local="130679747705760000" remote="130525508400000000" Dst="1" />
<file name="koi8-u.map" server="ftp.enthalpy.mx/eventos/" local="130679747707100000" remote="130525508400000000" Dst="1" />
</dwsync>