<?xml version="1.0" encoding="utf-8" ?>
<dwsync>
<file name="animated-overlay.gif" server="ftp.enthalpy.mx/palmas/" local="130663339718307000" remote="130608490200000000" Dst="1" />
<file name="ui-bg_flat_0_aaaaaa_40x100.png" server="ftp.enthalpy.mx/palmas/" local="130663339721182000" remote="130608490200000000" Dst="1" />
<file name="ui-bg_flat_75_ffffff_40x100.png" server="ftp.enthalpy.mx/palmas/" local="130663339721707000" remote="130608490200000000" Dst="1" />
<file name="ui-bg_glass_55_fbf9ee_1x400.png" server="ftp.enthalpy.mx/palmas/" local="130663339721732000" remote="130608490200000000" Dst="1" />
<file name="ui-bg_glass_65_ffffff_1x400.png" server="ftp.enthalpy.mx/palmas/" local="130663339724182000" remote="130608490200000000" Dst="1" />
<file name="ui-bg_glass_75_e6e6e6_1x400.png" server="ftp.enthalpy.mx/palmas/" local="130663339724182000" remote="130608490200000000" Dst="1" />
<file name="ui-bg_glass_75_dadada_1x400.png" server="ftp.enthalpy.mx/palmas/" local="130663339724482000" remote="130608490200000000" Dst="1" />
<file name="ui-bg_glass_95_fef1ec_1x400.png" server="ftp.enthalpy.mx/palmas/" local="130663339728032000" remote="130608490200000000" Dst="1" />
<file name="ui-bg_layered-circles_75_62A60A_13x13.png" server="ftp.enthalpy.mx/palmas/" local="130663339728557000" remote="130608490200000000" Dst="1" />
<file name="ui-icons_222222_256x240.png" server="ftp.enthalpy.mx/palmas/" local="130663339728582000" remote="130608490200000000" Dst="1" />
<file name="ui-icons_2e83ff_256x240.png" server="ftp.enthalpy.mx/palmas/" local="130663339730957000" remote="130608490200000000" Dst="1" />
<file name="ui-icons_454545_256x240.png" server="ftp.enthalpy.mx/palmas/" local="130663339730982000" remote="130608490200000000" Dst="1" />
<file name="ui-icons_888888_256x240.png" server="ftp.enthalpy.mx/palmas/" local="130663339731232000" remote="130608490200000000" Dst="1" />
<file name="ui-icons_cd0a0a_256x240.png" server="ftp.enthalpy.mx/palmas/" local="130663339733857000" remote="130608490200000000" Dst="1" />
</dwsync>