<?xml version="1.0" encoding="utf-8" ?>
<dwsync>
<file name="animated-overlay.gif" server="ftp.enthalpy.mx/eventos/" local="130679746946480000" remote="130471992000000000" Dst="1" />
<file name="ui-bg_flat_0_aaaaaa_40x100.png" server="ftp.enthalpy.mx/eventos/" local="130679746950340000" remote="130471992000000000" Dst="1" />
<file name="ui-bg_flat_75_ffffff_40x100.png" server="ftp.enthalpy.mx/eventos/" local="130679746950690000" remote="130471992000000000" Dst="1" />
<file name="ui-bg_glass_55_fbf9ee_1x400.png" server="ftp.enthalpy.mx/eventos/" local="130679746951400000" remote="130471992000000000" Dst="1" />
<file name="ui-bg_glass_65_ffffff_1x400.png" server="ftp.enthalpy.mx/eventos/" local="130679746953050000" remote="130471992000000000" Dst="1" />
<file name="ui-bg_glass_75_dadada_1x400.png" server="ftp.enthalpy.mx/eventos/" local="130679746953910000" remote="130471992000000000" Dst="1" />
<file name="ui-bg_glass_75_e6e6e6_1x400.png" server="ftp.enthalpy.mx/eventos/" local="130679746954200000" remote="130471992000000000" Dst="1" />
<file name="ui-bg_glass_95_fef1ec_1x400.png" server="ftp.enthalpy.mx/eventos/" local="130679746955600000" remote="130471992000000000" Dst="1" />
<file name="ui-bg_highlight-soft_75_cccccc_1x100.png" server="ftp.enthalpy.mx/eventos/" local="130679746956610000" remote="130471992000000000" Dst="1" />
<file name="ui-icons_222222_256x240.png" server="ftp.enthalpy.mx/eventos/" local="130679746957400000" remote="130471992000000000" Dst="1" />
<file name="ui-icons_2e83ff_256x240.png" server="ftp.enthalpy.mx/eventos/" local="130679746959550000" remote="130471992000000000" Dst="1" />
<file name="ui-icons_888888_256x240.png" server="ftp.enthalpy.mx/eventos/" local="130679746959570000" remote="130471992000000000" Dst="1" />
<file name="ui-icons_454545_256x240.png" server="ftp.enthalpy.mx/eventos/" local="130679746959850000" remote="130471992000000000" Dst="1" />
<file name="ui-icons_cd0a0a_256x240.png" server="ftp.enthalpy.mx/eventos/" local="130679746963360000" remote="130471992000000000" Dst="1" />
</dwsync>