<?xml version="1.0" encoding="utf-8" ?>
<dwsync>
<file name="categories.html" server="ftp.enthalpy.mx/eventos/" local="130679746676660000" remote="130471992000000000" Dst="1" />
<file name="combobox.html" server="ftp.enthalpy.mx/eventos/" local="130679746677460000" remote="130471992000000000" Dst="1" />
<file name="custom-data.html" server="ftp.enthalpy.mx/eventos/" local="130679746677820000" remote="130471992000000000" Dst="1" />
<file name="default.html" server="ftp.enthalpy.mx/eventos/" local="130679746679540000" remote="130471992000000000" Dst="1" />
<file name="folding.html" server="ftp.enthalpy.mx/eventos/" local="130679746680590000" remote="130471992000000000" Dst="1" />
<file name="index.html" server="ftp.enthalpy.mx/eventos/" local="130679746688900000" remote="130471992000000000" Dst="1" />
<file name="london.xml" server="ftp.enthalpy.mx/eventos/" local="130679746689220000" remote="130471992000000000" Dst="1" />
<file name="maxheight.html" server="ftp.enthalpy.mx/eventos/" local="130679746690840000" remote="130471992000000000" Dst="1" />
<file name="multiple-remote.html" server="ftp.enthalpy.mx/eventos/" local="130679746691860000" remote="130471992000000000" Dst="1" />
<file name="multiple.html" server="ftp.enthalpy.mx/eventos/" local="130679746692170000" remote="130471992000000000" Dst="1" />
<file name="remote-jsonp.html" server="ftp.enthalpy.mx/eventos/" local="130679746705450000" remote="130471992000000000" Dst="1" />
<file name="remote-with-cache.html" server="ftp.enthalpy.mx/eventos/" local="130679746706250000" remote="130471992000000000" Dst="1" />
<file name="remote.html" server="ftp.enthalpy.mx/eventos/" local="130679746706720000" remote="130471992000000000" Dst="1" />
<file name="search.php" server="ftp.enthalpy.mx/eventos/" local="130679746709200000" remote="130471992000000000" Dst="1" />
<file name="xml.html" server="ftp.enthalpy.mx/eventos/" local="130679746710020000" remote="130471992000000000" Dst="1" />
</dwsync>