<?xml version="1.0" encoding="utf-8" ?>
<dwsync>
<file name="animated-overlay.gif" server="ftp.enthalpy.mx/eventos/" local="130679746976620000" remote="130471992000000000" Dst="1" />
<file name="ui-bg_flat_0_aaaaaa_40x100.png" server="ftp.enthalpy.mx/eventos/" local="130679746977250000" remote="130471992000000000" Dst="1" />
<file name="ui-bg_flat_75_ffffff_40x100.png" server="ftp.enthalpy.mx/eventos/" local="130679746977300000" remote="130471992000000000" Dst="1" />
<file name="ui-bg_glass_55_fbf9ee_1x400.png" server="ftp.enthalpy.mx/eventos/" local="130679746980610000" remote="130471992000000000" Dst="1" />
<file name="ui-bg_glass_65_ffffff_1x400.png" server="ftp.enthalpy.mx/eventos/" local="130679746980640000" remote="130471992000000000" Dst="1" />
<file name="ui-bg_glass_75_dadada_1x400.png" server="ftp.enthalpy.mx/eventos/" local="130679746980660000" remote="130471992000000000" Dst="1" />
<file name="ui-bg_glass_75_e6e6e6_1x400.png" server="ftp.enthalpy.mx/eventos/" local="130679746983540000" remote="130471992000000000" Dst="1" />
<file name="ui-bg_glass_95_fef1ec_1x400.png" server="ftp.enthalpy.mx/eventos/" local="130679746983550000" remote="130471992000000000" Dst="1" />
<file name="ui-bg_layered-circles_75_62A60A_13x13.png" server="ftp.enthalpy.mx/eventos/" local="130679746983840000" remote="130471992000000000" Dst="1" />
<file name="ui-icons_222222_256x240.png" server="ftp.enthalpy.mx/eventos/" local="130679746986390000" remote="130471992000000000" Dst="1" />
<file name="ui-icons_2e83ff_256x240.png" server="ftp.enthalpy.mx/eventos/" local="130679746986410000" remote="130471992000000000" Dst="1" />
<file name="ui-icons_454545_256x240.png" server="ftp.enthalpy.mx/eventos/" local="130679746986700000" remote="130471992000000000" Dst="1" />
<file name="ui-icons_888888_256x240.png" server="ftp.enthalpy.mx/eventos/" local="130679746989420000" remote="130471992000000000" Dst="1" />
<file name="ui-icons_cd0a0a_256x240.png" server="ftp.enthalpy.mx/eventos/" local="130679746989810000" remote="130471992000000000" Dst="1" />
</dwsync>