<?xml version="1.0" encoding="utf-8" ?>
<dwsync>
<file name="alt-field.html" server="ftp.enthalpy.mx/palmas/" local="130663339401832000" remote="130608490200000000" Dst="1" />
<file name="animation.html" server="ftp.enthalpy.mx/palmas/" local="130663339402382000" remote="130608490200000000" Dst="1" />
<file name="buttonbar.html" server="ftp.enthalpy.mx/palmas/" local="130663339402407000" remote="130608490200000000" Dst="1" />
<file name="date-formats.html" server="ftp.enthalpy.mx/palmas/" local="130663339404532000" remote="130608490200000000" Dst="1" />
<file name="date-range.html" server="ftp.enthalpy.mx/palmas/" local="130663339405107000" remote="130608490200000000" Dst="1" />
<file name="default.html" server="ftp.enthalpy.mx/palmas/" local="130663339405132000" remote="130608490200000000" Dst="1" />
<file name="dropdown-month-year.html" server="ftp.enthalpy.mx/palmas/" local="130663339408082000" remote="130608490200000000" Dst="1" />
<file name="icon-trigger.html" server="ftp.enthalpy.mx/palmas/" local="130663339408657000" remote="130608490200000000" Dst="1" />
<file name="index.html" server="ftp.enthalpy.mx/palmas/" local="130663339413982000" remote="130608490200000000" Dst="1" />
<file name="inline.html" server="ftp.enthalpy.mx/palmas/" local="130663339414007000" remote="130608490200000000" Dst="1" />
<file name="jquery.ui.datepicker-ar.js" server="ftp.enthalpy.mx/palmas/" local="130663339414657000" remote="130608490200000000" Dst="1" />
<file name="jquery.ui.datepicker-zh-TW.js" server="ftp.enthalpy.mx/palmas/" local="130663339419382000" remote="130608490200000000" Dst="1" />
<file name="jquery.ui.datepicker-fr.js" server="ftp.enthalpy.mx/palmas/" local="130663339420257000" remote="130608490200000000" Dst="1" />
<file name="jquery.ui.datepicker-he.js" server="ftp.enthalpy.mx/palmas/" local="130663339420482000" remote="130608490200000000" Dst="1" />
<file name="min-max.html" server="ftp.enthalpy.mx/palmas/" local="130663339431657000" remote="130608490200000000" Dst="1" />
<file name="localization.html" server="ftp.enthalpy.mx/palmas/" local="130663339432657000" remote="130608490200000000" Dst="1" />
<file name="multiple-calendars.html" server="ftp.enthalpy.mx/palmas/" local="130663339432732000" remote="130608490200000000" Dst="1" />
<file name="other-months.html" server="ftp.enthalpy.mx/palmas/" local="130663339434907000" remote="130608490200000000" Dst="1" />
<file name="show-week.html" server="ftp.enthalpy.mx/palmas/" local="130663339435457000" remote="130608490200000000" Dst="1" />
</dwsync>