<?xml version="1.0" encoding="utf-8" ?>
<dwsync>
<file name="accordion.html" server="ftp.enthalpy.mx/eventos/" local="130679746865350000" remote="130471992000000000" Dst="1" />
<file name="blind-effect.html" server="ftp.enthalpy.mx/eventos/" local="130679746867400000" remote="130471992000000000" Dst="1" />
<file name="autocomplete.html" server="ftp.enthalpy.mx/eventos/" local="130679746868240000" remote="130471992000000000" Dst="1" />
<file name="bounce-effect.html" server="ftp.enthalpy.mx/eventos/" local="130679746869310000" remote="130471992000000000" Dst="1" />
<file name="button.html" server="ftp.enthalpy.mx/eventos/" local="130679746872120000" remote="130471992000000000" Dst="1" />
<file name="clip-effect.html" server="ftp.enthalpy.mx/eventos/" local="130679746872160000" remote="130471992000000000" Dst="1" />
<file name="datepicker.html" server="ftp.enthalpy.mx/eventos/" local="130679746877110000" remote="130471992000000000" Dst="1" />
<file name="dialog.html" server="ftp.enthalpy.mx/eventos/" local="130679746877480000" remote="130471992000000000" Dst="1" />
<file name="draggable.html" server="ftp.enthalpy.mx/eventos/" local="130679746878260000" remote="130471992000000000" Dst="1" />
<file name="drop-effect.html" server="ftp.enthalpy.mx/eventos/" local="130679746879310000" remote="130471992000000000" Dst="1" />
<file name="explode-effect.html" server="ftp.enthalpy.mx/eventos/" local="130679746881690000" remote="130471992000000000" Dst="1" />
<file name="fade-effect.html" server="ftp.enthalpy.mx/eventos/" local="130679746882040000" remote="130471992000000000" Dst="1" />
<file name="droppable.html" server="ftp.enthalpy.mx/eventos/" local="130679746882360000" remote="130471992000000000" Dst="1" />
<file name="fold-effect.html" server="ftp.enthalpy.mx/eventos/" local="130679746884390000" remote="130471992000000000" Dst="1" />
<file name="highlight-effect.html" server="ftp.enthalpy.mx/eventos/" local="130679746884700000" remote="130471992000000000" Dst="1" />
<file name="jQuery.widget.bridge.html" server="ftp.enthalpy.mx/eventos/" local="130679746885040000" remote="130471992000000000" Dst="1" />
<file name="jQuery.widget.html" server="ftp.enthalpy.mx/eventos/" local="130679746888770000" remote="130471992000000000" Dst="1" />
<file name="mouse.html" server="ftp.enthalpy.mx/eventos/" local="130679746889120000" remote="130471992000000000" Dst="1" />
<file name="menu.html" server="ftp.enthalpy.mx/eventos/" local="130679746889810000" remote="130471992000000000" Dst="1" />
<file name="position.html" server="ftp.enthalpy.mx/eventos/" local="130679746892190000" remote="130471992000000000" Dst="1" />
<file name="puff-effect.html" server="ftp.enthalpy.mx/eventos/" local="130679746892520000" remote="130471992000000000" Dst="1" />
<file name="progressbar.html" server="ftp.enthalpy.mx/eventos/" local="130679746892840000" remote="130471992000000000" Dst="1" />
<file name="pulsate-effect.html" server="ftp.enthalpy.mx/eventos/" local="130679746895220000" remote="130471992000000000" Dst="1" />
<file name="scale-effect.html" server="ftp.enthalpy.mx/eventos/" local="130679746895600000" remote="130471992000000000" Dst="1" />
<file name="resizable.html" server="ftp.enthalpy.mx/eventos/" local="130679746896530000" remote="130471992000000000" Dst="1" />
<file name="selectable.html" server="ftp.enthalpy.mx/eventos/" local="130679746897470000" remote="130471992000000000" Dst="1" />
<file name="shake-effect.html" server="ftp.enthalpy.mx/eventos/" local="130679746897790000" remote="130471992000000000" Dst="1" />
<file name="slide-effect.html" server="ftp.enthalpy.mx/eventos/" local="130679746900020000" remote="130471992000000000" Dst="1" />
<file name="transfer-effect.html" server="ftp.enthalpy.mx/eventos/" local="130679746902900000" remote="130471992000000000" Dst="1" />
<file name="sortable.html" server="ftp.enthalpy.mx/eventos/" local="130679746904290000" remote="130471992000000000" Dst="1" />
<file name="size-effect.html" server="ftp.enthalpy.mx/eventos/" local="130679746904870000" remote="130471992000000000" Dst="1" />
</dwsync>