<?xml version="1.0" encoding="utf-8" ?>
<dwsync>
<file name="jquery.ui.accordion.min.js" server="ftp.enthalpy.mx/palmas/" local="130663339969062000" remote="130608490200000000" Dst="1" />
<file name="jquery.ui.autocomplete.min.js" server="ftp.enthalpy.mx/palmas/" local="130663339969462000" remote="130608490200000000" Dst="1" />
<file name="jquery-ui.custom.min.js" server="ftp.enthalpy.mx/palmas/" local="130663339971112000" remote="130608490200000000" Dst="1" />
<file name="jquery.ui.button.min.js" server="ftp.enthalpy.mx/palmas/" local="130663339972037000" remote="130608490200000000" Dst="1" />
<file name="jquery.ui.core.min.js" server="ftp.enthalpy.mx/palmas/" local="130663339972087000" remote="130608490200000000" Dst="1" />
<file name="jquery.ui.dialog.min.js" server="ftp.enthalpy.mx/palmas/" local="130663339974437000" remote="130608490200000000" Dst="1" />
<file name="jquery.ui.datepicker.min.js" server="ftp.enthalpy.mx/palmas/" local="130663339974737000" remote="130608490200000000" Dst="1" />
<file name="jquery.ui.draggable.min.js" server="ftp.enthalpy.mx/palmas/" local="130663339975137000" remote="130608490200000000" Dst="1" />
<file name="jquery.ui.droppable.min.js" server="ftp.enthalpy.mx/palmas/" local="130663339978662000" remote="130608490200000000" Dst="1" />
<file name="jquery.ui.effect-blind.min.js" server="ftp.enthalpy.mx/palmas/" local="130663339979237000" remote="130608490200000000" Dst="1" />
<file name="jquery.ui.effect-bounce.min.js" server="ftp.enthalpy.mx/palmas/" local="130663339979287000" remote="130608490200000000" Dst="1" />
<file name="jquery.ui.effect-clip.min.js" server="ftp.enthalpy.mx/palmas/" local="130663339981637000" remote="130608490200000000" Dst="1" />
<file name="jquery.ui.effect-drop.min.js" server="ftp.enthalpy.mx/palmas/" local="130663339981662000" remote="130608490200000000" Dst="1" />
<file name="jquery.ui.effect-explode.min.js" server="ftp.enthalpy.mx/palmas/" local="130663339981962000" remote="130608490200000000" Dst="1" />
<file name="jquery.ui.effect-fold.min.js" server="ftp.enthalpy.mx/palmas/" local="130663339984262000" remote="130608490200000000" Dst="1" />
<file name="jquery.ui.effect-fade.min.js" server="ftp.enthalpy.mx/palmas/" local="130663339984537000" remote="130608490200000000" Dst="1" />
<file name="jquery.ui.effect-highlight.min.js" server="ftp.enthalpy.mx/palmas/" local="130663339984862000" remote="130608490200000000" Dst="1" />
<file name="jquery.ui.effect-pulsate.min.js" server="ftp.enthalpy.mx/palmas/" local="130663339986487000" remote="130608490200000000" Dst="1" />
<file name="jquery.ui.effect-scale.min.js" server="ftp.enthalpy.mx/palmas/" local="130663339987437000" remote="130608490200000000" Dst="1" />
<file name="jquery.ui.effect-shake.min.js" server="ftp.enthalpy.mx/palmas/" local="130663339988337000" remote="130608490200000000" Dst="1" />
<file name="jquery.ui.effect-slide.min.js" server="ftp.enthalpy.mx/palmas/" local="130663339989962000" remote="130608490200000000" Dst="1" />
<file name="jquery.ui.effect-transfer.min.js" server="ftp.enthalpy.mx/palmas/" local="130663339990237000" remote="130608490200000000" Dst="1" />
<file name="jquery.ui.effect.min.js" server="ftp.enthalpy.mx/palmas/" local="130663339990537000" remote="130608490200000000" Dst="1" />
<file name="jquery.ui.menu.min.js" server="ftp.enthalpy.mx/palmas/" local="130663339992737000" remote="130608490200000000" Dst="1" />
<file name="jquery.ui.mouse.min.js" server="ftp.enthalpy.mx/palmas/" local="130663339992787000" remote="130608490200000000" Dst="1" />
<file name="jquery.ui.position.min.js" server="ftp.enthalpy.mx/palmas/" local="130663339993062000" remote="130608490200000000" Dst="1" />
<file name="jquery.ui.progressbar.min.js" server="ftp.enthalpy.mx/palmas/" local="130663339995287000" remote="130608490200000000" Dst="1" />
<file name="jquery.ui.resizable.min.js" server="ftp.enthalpy.mx/palmas/" local="130663339995562000" remote="130608490200000000" Dst="1" />
<file name="jquery.ui.selectable.min.js" server="ftp.enthalpy.mx/palmas/" local="130663339996062000" remote="130608490200000000" Dst="1" />
<file name="jquery.ui.sortable.min.js" server="ftp.enthalpy.mx/palmas/" local="130663339998562000" remote="130608490200000000" Dst="1" />
<file name="jquery.ui.widget.min.js" server="ftp.enthalpy.mx/palmas/" local="130663339998637000" remote="130608490200000000" Dst="1" />
</dwsync>