<?xml version="1.0" encoding="utf-8" ?>
<dwsync>
<file name="README.TXT" server="ftp.enthalpy.mx/eventos/" local="130679746200150000" remote="130593204000000000" Dst="1" />
<file name="ZarBold.ctg.z" server="ftp.enthalpy.mx/eventos/" local="130679746203760000" remote="130593204600000000" Dst="1" />
<file name="almohanad.ctg.z" server="ftp.enthalpy.mx/eventos/" local="130679746205740000" remote="130593202200000000" Dst="1" />
<file name="ZarBold.z" server="ftp.enthalpy.mx/eventos/" local="130679746206050000" remote="130593204600000000" Dst="1" />
<file name="almohanad.php" server="ftp.enthalpy.mx/eventos/" local="130679746206340000" remote="130593202200000000" Dst="1" />
<file name="courier.php" server="ftp.enthalpy.mx/eventos/" local="130679746210980000" remote="130593202200000000" Dst="1" />
<file name="almohanad.z" server="ftp.enthalpy.mx/eventos/" local="130679746211700000" remote="130593202200000000" Dst="1" />
<file name="arialunicid0.php" server="ftp.enthalpy.mx/eventos/" local="130679746215890000" remote="130593202800000000" Dst="1" />
<file name="dejavusans.ctg.z" server="ftp.enthalpy.mx/eventos/" local="130679746227090000" remote="130593202800000000" Dst="1" />
<file name="dejavusans.php" server="ftp.enthalpy.mx/eventos/" local="130679746230440000" remote="130593202800000000" Dst="1" />
<file name="dejavusansb.ctg.z" server="ftp.enthalpy.mx/eventos/" local="130679746235250000" remote="130593202800000000" Dst="1" />
<file name="dejavusansb.php" server="ftp.enthalpy.mx/eventos/" local="130679746253510000" remote="130593202800000000" Dst="1" />
<file name="dejavusans.z" server="ftp.enthalpy.mx/eventos/" local="130679746253950000" remote="130593202800000000" Dst="1" />
<file name="dejavusansbi.ctg.z" server="ftp.enthalpy.mx/eventos/" local="130679746258040000" remote="130593202800000000" Dst="1" />
<file name="dejavusansbi.php" server="ftp.enthalpy.mx/eventos/" local="130679746264500000" remote="130593202800000000" Dst="1" />
<file name="dejavusansb.z" server="ftp.enthalpy.mx/eventos/" local="130679746264960000" remote="130593202800000000" Dst="1" />
<file name="dejavusanscondensed.ctg.z" server="ftp.enthalpy.mx/eventos/" local="130679746268780000" remote="130593202800000000" Dst="1" />
<file name="dejavusansbi.z" server="ftp.enthalpy.mx/eventos/" local="130679746274940000" remote="130593202800000000" Dst="1" />
<file name="dejavusanscondensed.php" server="ftp.enthalpy.mx/eventos/" local="130679746276170000" remote="130593202800000000" Dst="1" />
<file name="dejavusanscondensedb.ctg.z" server="ftp.enthalpy.mx/eventos/" local="130679746278200000" remote="130593202800000000" Dst="1" />
<file name="dejavusanscondensedb.php" server="ftp.enthalpy.mx/eventos/" local="130679746282150000" remote="130593202800000000" Dst="1" />
<file name="dejavusanscondensed.z" server="ftp.enthalpy.mx/eventos/" local="130679746283090000" remote="130593202800000000" Dst="1" />
<file name="dejavusanscondensedbi.ctg.z" server="ftp.enthalpy.mx/eventos/" local="130679746287150000" remote="130593202800000000" Dst="1" />
<file name="dejavusanscondensedb.z" server="ftp.enthalpy.mx/eventos/" local="130679746288420000" remote="130593202800000000" Dst="1" />
<file name="dejavusanscondensedbi.php" server="ftp.enthalpy.mx/eventos/" local="130679746289280000" remote="130593202800000000" Dst="1" />
<file name="dejavusanscondensedi.ctg.z" server="ftp.enthalpy.mx/eventos/" local="130679746291120000" remote="130593202800000000" Dst="1" />
<file name="dejavusanscondensedi.php" server="ftp.enthalpy.mx/eventos/" local="130679746294830000" remote="130593202800000000" Dst="1" />
<file name="dejavusanscondensedbi.z" server="ftp.enthalpy.mx/eventos/" local="130679746295180000" remote="130593202800000000" Dst="1" />
<file name="dejavusansi.ctg.z" server="ftp.enthalpy.mx/eventos/" local="130679746297220000" remote="130593202800000000" Dst="1" />
<file name="dejavusanscondensedi.z" server="ftp.enthalpy.mx/eventos/" local="130679746300100000" remote="130593202800000000" Dst="1" />
<file name="dejavusansi.php" server="ftp.enthalpy.mx/eventos/" local="130679746301510000" remote="130593202800000000" Dst="1" />
<file name="dejavusansmono.ctg.z" server="ftp.enthalpy.mx/eventos/" local="130679746302100000" remote="130593202800000000" Dst="1" />
<file name="dejavusansmono.php" server="ftp.enthalpy.mx/eventos/" local="130679746305500000" remote="130593202800000000" Dst="1" />
<file name="dejavusansmonob.ctg.z" server="ftp.enthalpy.mx/eventos/" local="130679746310390000" remote="130593202800000000" Dst="1" />
<file name="dejavusansmono.z" server="ftp.enthalpy.mx/eventos/" local="130679746311000000" remote="130593203400000000" Dst="1" />
<file name="dejavusansmonob.php" server="ftp.enthalpy.mx/eventos/" local="130679746314470000" remote="130593203400000000" Dst="1" />
<file name="dejavusansi.z" server="ftp.enthalpy.mx/eventos/" local="130679746315510000" remote="130593203400000000" Dst="1" />
<file name="dejavusansmonobi.ctg.z" server="ftp.enthalpy.mx/eventos/" local="130679746320450000" remote="130593203400000000" Dst="1" />
<file name="dejavusansmonob.z" server="ftp.enthalpy.mx/eventos/" local="130679746324380000" remote="130593203400000000" Dst="1" />
<file name="dejavusansmonobi.php" server="ftp.enthalpy.mx/eventos/" local="130679746325510000" remote="130593203400000000" Dst="1" />
<file name="dejavusansmonoi.ctg.z" server="ftp.enthalpy.mx/eventos/" local="130679746326870000" remote="130593203400000000" Dst="1" />
<file name="dejavusansmonobi.z" server="ftp.enthalpy.mx/eventos/" local="130679746327940000" remote="130593203400000000" Dst="1" />
<file name="dejavusansmonoi.php" server="ftp.enthalpy.mx/eventos/" local="130679746328740000" remote="130593203400000000" Dst="1" />
<file name="dejavuserif.ctg.z" server="ftp.enthalpy.mx/eventos/" local="130679746330230000" remote="130593203400000000" Dst="1" />
<file name="dejavusansmonoi.z" server="ftp.enthalpy.mx/eventos/" local="130679746331740000" remote="130593203400000000" Dst="1" />
<file name="dejavuserif.php" server="ftp.enthalpy.mx/eventos/" local="130679746334010000" remote="130593203400000000" Dst="1" />
<file name="dejavuserifb.ctg.z" server="ftp.enthalpy.mx/eventos/" local="130679746335700000" remote="130593203400000000" Dst="1" />
<file name="dejavuserifb.php" server="ftp.enthalpy.mx/eventos/" local="130679746338220000" remote="130593203400000000" Dst="1" />
<file name="dejavuserif.z" server="ftp.enthalpy.mx/eventos/" local="130679746341270000" remote="130593203400000000" Dst="1" />
<file name="dejavuserifbi.ctg.z" server="ftp.enthalpy.mx/eventos/" local="130679746341790000" remote="130593203400000000" Dst="1" />
<file name="dejavuserifbi.php" server="ftp.enthalpy.mx/eventos/" local="130679746349560000" remote="130593203400000000" Dst="1" />
<file name="dejavuserifb.z" server="ftp.enthalpy.mx/eventos/" local="130679746350870000" remote="130593203400000000" Dst="1" />
<file name="dejavuserifcondensed.ctg.z" server="ftp.enthalpy.mx/eventos/" local="130679746355250000" remote="130593203400000000" Dst="1" />
<file name="dejavuserifbi.z" server="ftp.enthalpy.mx/eventos/" local="130679746356410000" remote="130593203400000000" Dst="1" />
<file name="dejavuserifcondensed.php" server="ftp.enthalpy.mx/eventos/" local="130679746357270000" remote="130593203400000000" Dst="1" />
<file name="dejavuserifcondensedb.ctg.z" server="ftp.enthalpy.mx/eventos/" local="130679746358500000" remote="130593203400000000" Dst="1" />
<file name="dejavuserifcondensed.z" server="ftp.enthalpy.mx/eventos/" local="130679746361090000" remote="130593203400000000" Dst="1" />
<file name="dejavuserifcondensedb.php" server="ftp.enthalpy.mx/eventos/" local="130679746361110000" remote="130593203400000000" Dst="1" />
<file name="dejavuserifcondensedbi.ctg.z" server="ftp.enthalpy.mx/eventos/" local="130679746369880000" remote="130593203400000000" Dst="1" />
<file name="dejavuserifcondensedb.z" server="ftp.enthalpy.mx/eventos/" local="130679746370200000" remote="130593203400000000" Dst="1" />
<file name="dejavuserifcondensedbi.php" server="ftp.enthalpy.mx/eventos/" local="130679746371010000" remote="130593203400000000" Dst="1" />
<file name="dejavuserifcondensedi.ctg.z" server="ftp.enthalpy.mx/eventos/" local="130679746372920000" remote="130593203400000000" Dst="1" />
<file name="dejavuserifcondensedbi.z" server="ftp.enthalpy.mx/eventos/" local="130679746374160000" remote="130593203400000000" Dst="1" />
<file name="dejavuserifcondensedi.php" server="ftp.enthalpy.mx/eventos/" local="130679746375010000" remote="130593203400000000" Dst="1" />
<file name="dejavuserifi.ctg.z" server="ftp.enthalpy.mx/eventos/" local="130679746376570000" remote="130593203400000000" Dst="1" />
<file name="dejavuserifi.php" server="ftp.enthalpy.mx/eventos/" local="130679746383220000" remote="130593203400000000" Dst="1" />
<file name="dejavuserifcondensedi.z" server="ftp.enthalpy.mx/eventos/" local="130679746383780000" remote="130593203400000000" Dst="1" />
<file name="dejavuserifi.z" server="ftp.enthalpy.mx/eventos/" local="130679746385960000" remote="130593203400000000" Dst="1" />
<file name="freemono.ctg.z" server="ftp.enthalpy.mx/eventos/" local="130679746399600000" remote="130593203400000000" Dst="1" />
<file name="freemono.php" server="ftp.enthalpy.mx/eventos/" local="130679746400400000" remote="130593203400000000" Dst="1" />
<file name="freemonob.ctg.z" server="ftp.enthalpy.mx/eventos/" local="130679746401250000" remote="130593203400000000" Dst="1" />
<file name="freemonob.php" server="ftp.enthalpy.mx/eventos/" local="130679746404260000" remote="130593203400000000" Dst="1" />
<file name="freemono.z" server="ftp.enthalpy.mx/eventos/" local="130679746404650000" remote="130593203400000000" Dst="1" />
<file name="freemonobi.ctg.z" server="ftp.enthalpy.mx/eventos/" local="130679746416280000" remote="130593203400000000" Dst="1" />
<file name="freemonob.z" server="ftp.enthalpy.mx/eventos/" local="130679746416830000" remote="130593203400000000" Dst="1" />
<file name="freemonobi.php" server="ftp.enthalpy.mx/eventos/" local="130679746416850000" remote="130593203400000000" Dst="1" />
<file name="freemonoi.ctg.z" server="ftp.enthalpy.mx/eventos/" local="130679746419430000" remote="130593203400000000" Dst="1" />
<file name="freemonoi.php" server="ftp.enthalpy.mx/eventos/" local="130679746419720000" remote="130593203400000000" Dst="1" />
<file name="freemonobi.z" server="ftp.enthalpy.mx/eventos/" local="130679746420650000" remote="130593203400000000" Dst="1" />
<file name="freesans.ctg.z" server="ftp.enthalpy.mx/eventos/" local="130679746423170000" remote="130593203400000000" Dst="1" />
<file name="freemonoi.z" server="ftp.enthalpy.mx/eventos/" local="130679746423630000" remote="130593203400000000" Dst="1" />
<file name="freesans.php" server="ftp.enthalpy.mx/eventos/" local="130679746425800000" remote="130593203400000000" Dst="1" />
<file name="freesansb.ctg.z" server="ftp.enthalpy.mx/eventos/" local="130679746426840000" remote="130593203400000000" Dst="1" />
<file name="freesansb.php" server="ftp.enthalpy.mx/eventos/" local="130679746429400000" remote="130593203400000000" Dst="1" />
<file name="freesansbi.ctg.z" server="ftp.enthalpy.mx/eventos/" local="130679746432510000" remote="130593203400000000" Dst="1" />
<file name="freesans.z" server="ftp.enthalpy.mx/eventos/" local="130679746434560000" remote="130593203400000000" Dst="1" />
<file name="freesansb.z" server="ftp.enthalpy.mx/eventos/" local="130679746434980000" remote="130593203400000000" Dst="1" />
<file name="freesansbi.php" server="ftp.enthalpy.mx/eventos/" local="130679746435780000" remote="130593203400000000" Dst="1" />
<file name="freesansi.ctg.z" server="ftp.enthalpy.mx/eventos/" local="130679746437720000" remote="130593204000000000" Dst="1" />
<file name="freesansi.php" server="ftp.enthalpy.mx/eventos/" local="130679746438150000" remote="130593204000000000" Dst="1" />
<file name="freesansbi.z" server="ftp.enthalpy.mx/eventos/" local="130679746439120000" remote="130593204000000000" Dst="1" />
<file name="freeserif.ctg.z" server="ftp.enthalpy.mx/eventos/" local="130679746440370000" remote="130593204000000000" Dst="1" />
<file name="freeserif.php" server="ftp.enthalpy.mx/eventos/" local="130679746444290000" remote="130593204000000000" Dst="1" />
<file name="freesansi.z" server="ftp.enthalpy.mx/eventos/" local="130679746444690000" remote="130593204000000000" Dst="1" />
<file name="freeserifb.ctg.z" server="ftp.enthalpy.mx/eventos/" local="130679746446050000" remote="130593204000000000" Dst="1" />
<file name="freeserifb.php" server="ftp.enthalpy.mx/eventos/" local="130679746448660000" remote="130593204000000000" Dst="1" />
<file name="freeserifbi.ctg.z" server="ftp.enthalpy.mx/eventos/" local="130679746451140000" remote="130593204000000000" Dst="1" />
<file name="freeserifbi.php" server="ftp.enthalpy.mx/eventos/" local="130679746454820000" remote="130593204000000000" Dst="1" />
<file name="freeserifb.z" server="ftp.enthalpy.mx/eventos/" local="130679746455580000" remote="130593204000000000" Dst="1" />
<file name="freeserifi.ctg.z" server="ftp.enthalpy.mx/eventos/" local="130679746459180000" remote="130593204000000000" Dst="1" />
<file name="freeserifi.php" server="ftp.enthalpy.mx/eventos/" local="130679746461980000" remote="130593204000000000" Dst="1" />
<file name="freeserifbi.z" server="ftp.enthalpy.mx/eventos/" local="130679746464060000" remote="130593204000000000" Dst="1" />
<file name="helvetica.php" server="ftp.enthalpy.mx/eventos/" local="130679746476950000" remote="130593204000000000" Dst="1" />
<file name="helveticab.php" server="ftp.enthalpy.mx/eventos/" local="130679746478260000" remote="130593204000000000" Dst="1" />
<file name="helveticabi.php" server="ftp.enthalpy.mx/eventos/" local="130679746479640000" remote="130593204000000000" Dst="1" />
<file name="freeserif.z" server="ftp.enthalpy.mx/eventos/" local="130679746480970000" remote="130593204000000000" Dst="1" />
<file name="helveticai.php" server="ftp.enthalpy.mx/eventos/" local="130679746481280000" remote="130593204000000000" Dst="1" />
<file name="hysmyeongjostdmedium.php" server="ftp.enthalpy.mx/eventos/" local="130679746483220000" remote="130593204000000000" Dst="1" />
<file name="kozgopromedium.php" server="ftp.enthalpy.mx/eventos/" local="130679746483800000" remote="130593204000000000" Dst="1" />
<file name="freeserifi.z" server="ftp.enthalpy.mx/eventos/" local="130679746484120000" remote="130593204000000000" Dst="1" />
<file name="kozminproregular.php" server="ftp.enthalpy.mx/eventos/" local="130679746487330000" remote="130593204000000000" Dst="1" />
<file name="msungstdlight.php" server="ftp.enthalpy.mx/eventos/" local="130679746488090000" remote="130593204000000000" Dst="1" />
<file name="stsongstdlight.php" server="ftp.enthalpy.mx/eventos/" local="130679746492090000" remote="130593204000000000" Dst="1" />
<file name="times.php" server="ftp.enthalpy.mx/eventos/" local="130679746492120000" remote="130593204000000000" Dst="1" />
<file name="symbol.php" server="ftp.enthalpy.mx/eventos/" local="130679746492420000" remote="130593204000000000" Dst="1" />
<file name="timesb.php" server="ftp.enthalpy.mx/eventos/" local="130679746495110000" remote="130593204000000000" Dst="1" />
<file name="timesbi.php" server="ftp.enthalpy.mx/eventos/" local="130679746495150000" remote="130593204000000000" Dst="1" />
<file name="timesi.php" server="ftp.enthalpy.mx/eventos/" local="130679746495620000" remote="130593204000000000" Dst="1" />
<file name="uni2cid_aj16.php" server="ftp.enthalpy.mx/eventos/" local="130679746510270000" remote="130593204000000000" Dst="1" />
<file name="uni2cid_ac15.php" server="ftp.enthalpy.mx/eventos/" local="130679746513050000" remote="130593204000000000" Dst="1" />
<file name="uni2cid_ag15.php" server="ftp.enthalpy.mx/eventos/" local="130679746514340000" remote="130593204000000000" Dst="1" />
<file name="uni2cid_ak12.php" server="ftp.enthalpy.mx/eventos/" local="130679746522270000" remote="130593204000000000" Dst="1" />
<file name="zapfdingbats.php" server="ftp.enthalpy.mx/eventos/" local="130679746575300000" remote="130593204600000000" Dst="1" />
<file name="zarbold.php" server="ftp.enthalpy.mx/eventos/" local="130679746577570000" remote="130593204600000000" Dst="1" />
</dwsync>