<?xml version="1.0" encoding="utf-8" ?>
<dwsync>
<file name="jquery.ui.accordion.js" server="ftp.enthalpy.mx/eventos/" local="130679747109760000" remote="130471992000000000" Dst="1" />
<file name="jquery.ui.autocomplete.js" server="ftp.enthalpy.mx/eventos/" local="130679747110290000" remote="130471992000000000" Dst="1" />
<file name="jquery.ui.button.js" server="ftp.enthalpy.mx/eventos/" local="130679747113780000" remote="130471992000000000" Dst="1" />
<file name="jquery.ui.core.js" server="ftp.enthalpy.mx/eventos/" local="130679747114110000" remote="130471992000000000" Dst="1" />
<file name="jquery-ui.custom.js" server="ftp.enthalpy.mx/eventos/" local="130679747116000000" remote="130471992000000000" Dst="1" />
<file name="jquery.ui.dialog.js" server="ftp.enthalpy.mx/eventos/" local="130679747116400000" remote="130471992000000000" Dst="1" />
<file name="jquery.ui.datepicker.js" server="ftp.enthalpy.mx/eventos/" local="130679747117270000" remote="130471992000000000" Dst="1" />
<file name="jquery.ui.draggable.js" server="ftp.enthalpy.mx/eventos/" local="130679747118230000" remote="130471992000000000" Dst="1" />
<file name="jquery.ui.droppable.js" server="ftp.enthalpy.mx/eventos/" local="130679747119100000" remote="130471992000000000" Dst="1" />
<file name="jquery.ui.effect-blind.js" server="ftp.enthalpy.mx/eventos/" local="130679747120160000" remote="130471992000000000" Dst="1" />
<file name="jquery.ui.effect-bounce.js" server="ftp.enthalpy.mx/eventos/" local="130679747120630000" remote="130471992000000000" Dst="1" />
<file name="jquery.ui.effect-clip.js" server="ftp.enthalpy.mx/eventos/" local="130679747122030000" remote="130471992000000000" Dst="1" />
<file name="jquery.ui.effect-drop.js" server="ftp.enthalpy.mx/eventos/" local="130679747123200000" remote="130471992000000000" Dst="1" />
<file name="jquery.ui.effect-explode.js" server="ftp.enthalpy.mx/eventos/" local="130679747123570000" remote="130471992000000000" Dst="1" />
<file name="jquery.ui.effect-fade.js" server="ftp.enthalpy.mx/eventos/" local="130679747124960000" remote="130471992000000000" Dst="1" />
<file name="jquery.ui.effect-fold.js" server="ftp.enthalpy.mx/eventos/" local="130679747125940000" remote="130471992000000000" Dst="1" />
<file name="jquery.ui.effect-highlight.js" server="ftp.enthalpy.mx/eventos/" local="130679747129050000" remote="130471992000000000" Dst="1" />
<file name="jquery.ui.effect-pulsate.js" server="ftp.enthalpy.mx/eventos/" local="130679747129350000" remote="130471992000000000" Dst="1" />
<file name="jquery.ui.effect-scale.js" server="ftp.enthalpy.mx/eventos/" local="130679747129660000" remote="130471992000000000" Dst="1" />
<file name="jquery.ui.effect-shake.js" server="ftp.enthalpy.mx/eventos/" local="130679747131540000" remote="130471992000000000" Dst="1" />
<file name="jquery.ui.effect-slide.js" server="ftp.enthalpy.mx/eventos/" local="130679747132110000" remote="130471992000000000" Dst="1" />
<file name="jquery.ui.effect-transfer.js" server="ftp.enthalpy.mx/eventos/" local="130679747132150000" remote="130471992000000000" Dst="1" />
<file name="jquery.ui.menu.js" server="ftp.enthalpy.mx/eventos/" local="130679747134990000" remote="130471992000000000" Dst="1" />
<file name="jquery.ui.mouse.js" server="ftp.enthalpy.mx/eventos/" local="130679747135320000" remote="130471992000000000" Dst="1" />
<file name="jquery.ui.effect.js" server="ftp.enthalpy.mx/eventos/" local="130679747137370000" remote="130471992000000000" Dst="1" />
<file name="jquery.ui.position.js" server="ftp.enthalpy.mx/eventos/" local="130679747137380000" remote="130471992000000000" Dst="1" />
<file name="jquery.ui.progressbar.js" server="ftp.enthalpy.mx/eventos/" local="130679747137700000" remote="130471992000000000" Dst="1" />
<file name="jquery.ui.selectable.js" server="ftp.enthalpy.mx/eventos/" local="130679747139780000" remote="130471992000000000" Dst="1" />
<file name="jquery.ui.resizable.js" server="ftp.enthalpy.mx/eventos/" local="130679747140150000" remote="130471992000000000" Dst="1" />
<file name="jquery.ui.sortable.js" server="ftp.enthalpy.mx/eventos/" local="130679747141070000" remote="130471992000000000" Dst="1" />
<file name="jquery.ui.widget.js" server="ftp.enthalpy.mx/eventos/" local="130679747141940000" remote="130471992000000000" Dst="1" />
</dwsync>