<?xml version="1.0" encoding="utf-8" ?>
<dwsync>
<file name="jquery-ui.css" server="ftp.enthalpy.mx/palmas/" local="130663339678982000" remote="130608490200000000" Dst="1" />
<file name="jquery.ui.accordion.css" server="ftp.enthalpy.mx/palmas/" local="130663339680032000" remote="130608489600000000" Dst="1" />
<file name="jquery.ui.all.css" server="ftp.enthalpy.mx/palmas/" local="130663339682107000" remote="130608489600000000" Dst="1" />
<file name="jquery.ui.autocomplete.css" server="ftp.enthalpy.mx/palmas/" local="130663339682407000" remote="130608489600000000" Dst="1" />
<file name="jquery.ui.base.css" server="ftp.enthalpy.mx/palmas/" local="130663339682707000" remote="130608489600000000" Dst="1" />
<file name="jquery.ui.button.css" server="ftp.enthalpy.mx/palmas/" local="130663339684632000" remote="130608489600000000" Dst="1" />
<file name="jquery.ui.core.css" server="ftp.enthalpy.mx/palmas/" local="130663339684907000" remote="130608489600000000" Dst="1" />
<file name="jquery.ui.datepicker.css" server="ftp.enthalpy.mx/palmas/" local="130663339686707000" remote="130608489600000000" Dst="1" />
<file name="jquery.ui.dialog.css" server="ftp.enthalpy.mx/palmas/" local="130663339687257000" remote="130608489600000000" Dst="1" />
<file name="jquery.ui.menu.css" server="ftp.enthalpy.mx/palmas/" local="130663339687282000" remote="130608489600000000" Dst="1" />
<file name="jquery.ui.progressbar.css" server="ftp.enthalpy.mx/palmas/" local="130663339689382000" remote="130608489600000000" Dst="1" />
<file name="jquery.ui.resizable.css" server="ftp.enthalpy.mx/palmas/" local="130663339689932000" remote="130608489600000000" Dst="1" />
<file name="jquery.ui.selectable.css" server="ftp.enthalpy.mx/palmas/" local="130663339689957000" remote="130608489600000000" Dst="1" />
<file name="jquery.ui.theme.css" server="ftp.enthalpy.mx/palmas/" local="130663339693182000" remote="130608489600000000" Dst="1" />
</dwsync>