<?xml version="1.0" encoding="utf-8" ?>
<dwsync>
<file name="high_tatras.jpg" server="ftp.enthalpy.mx/palmas/" local="130663339460507000" remote="130608490200000000" Dst="1" />
<file name="high_tatras2.jpg" server="ftp.enthalpy.mx/palmas/" local="130663339461082000" remote="130608490200000000" Dst="1" />
<file name="high_tatras2_min.jpg" server="ftp.enthalpy.mx/palmas/" local="130663339461107000" remote="130608490200000000" Dst="1" />
<file name="high_tatras3_min.jpg" server="ftp.enthalpy.mx/palmas/" local="130663339463607000" remote="130608490200000000" Dst="1" />
<file name="high_tatras3.jpg" server="ftp.enthalpy.mx/palmas/" local="130663339463882000" remote="130608490200000000" Dst="1" />
<file name="high_tatras4.jpg" server="ftp.enthalpy.mx/palmas/" local="130663339464182000" remote="130608490200000000" Dst="1" />
<file name="high_tatras4_min.jpg" server="ftp.enthalpy.mx/palmas/" local="130663339465507000" remote="130608490200000000" Dst="1" />
<file name="high_tatras_min.jpg" server="ftp.enthalpy.mx/palmas/" local="130663339466557000" remote="130608490200000000" Dst="1" />
</dwsync>