<?xml version="1.0" encoding="utf-8" ?>
<dwsync>
<file name="collapsible.html" server="ftp.enthalpy.mx/eventos/" local="130679746664950000" remote="130471992000000000" Dst="1" />
<file name="custom-icons.html" server="ftp.enthalpy.mx/eventos/" local="130679746666150000" remote="130471992000000000" Dst="1" />
<file name="default.html" server="ftp.enthalpy.mx/eventos/" local="130679746666540000" remote="130471992000000000" Dst="1" />
<file name="fillspace.html" server="ftp.enthalpy.mx/eventos/" local="130679746668340000" remote="130471992000000000" Dst="1" />
<file name="hoverintent.html" server="ftp.enthalpy.mx/eventos/" local="130679746669600000" remote="130471992000000000" Dst="1" />
<file name="index.html" server="ftp.enthalpy.mx/eventos/" local="130679746669960000" remote="130471992000000000" Dst="1" />
<file name="no-auto-height.html" server="ftp.enthalpy.mx/eventos/" local="130679746671570000" remote="130471992000000000" Dst="1" />
<file name="sortable.html" server="ftp.enthalpy.mx/eventos/" local="130679746672400000" remote="130471992000000000" Dst="1" />
</dwsync>