<?xml version="1.0" encoding="utf-8" ?>
<dwsync>
<file name="AUTHORS" server="ftp.enthalpy.mx/eventos/" local="130679746215250000" remote="130593202200000000" Dst="1" />
<file name="BUGS" server="ftp.enthalpy.mx/eventos/" local="130679746215580000" remote="130593202200000000" Dst="1" />
<file name="LICENSE" server="ftp.enthalpy.mx/eventos/" local="130679746217260000" remote="130593202200000000" Dst="1" />
<file name="NEWS" server="ftp.enthalpy.mx/eventos/" local="130679746218660000" remote="130593202800000000" Dst="1" />
<file name="README" server="ftp.enthalpy.mx/eventos/" local="130679746219850000" remote="130593202800000000" Dst="1" />
<file name="langcover.txt" server="ftp.enthalpy.mx/eventos/" local="130679746221600000" remote="130593202200000000" Dst="1" />
<file name="unicover.txt" server="ftp.enthalpy.mx/eventos/" local="130679746226680000" remote="130593202800000000" Dst="1" />
<file name="status.txt" server="ftp.enthalpy.mx/eventos/" local="130679746274640000" remote="130593202800000000" Dst="1" />
</dwsync>