<?xml version="1.0" encoding="utf-8" ?>
<dwsync>
<file name="animated-overlay.gif" server="ftp.enthalpy.mx/eventos/" local="130679746917690000" remote="130471992000000000" Dst="1" />
<file name="ui-bg_flat_0_aaaaaa_40x100.png" server="ftp.enthalpy.mx/eventos/" local="130679746919800000" remote="130471992000000000" Dst="1" />
<file name="ui-bg_flat_75_ffffff_40x100.png" server="ftp.enthalpy.mx/eventos/" local="130679746920960000" remote="130471992000000000" Dst="1" />
<file name="ui-bg_glass_55_fbf9ee_1x400.png" server="ftp.enthalpy.mx/eventos/" local="130679746923060000" remote="130471992000000000" Dst="1" />
<file name="ui-bg_glass_65_ffffff_1x400.png" server="ftp.enthalpy.mx/eventos/" local="130679746923850000" remote="130471992000000000" Dst="1" />
<file name="ui-bg_glass_75_dadada_1x400.png" server="ftp.enthalpy.mx/eventos/" local="130679746924140000" remote="130471992000000000" Dst="1" />
<file name="ui-bg_glass_75_e6e6e6_1x400.png" server="ftp.enthalpy.mx/eventos/" local="130679746925470000" remote="130471992000000000" Dst="1" />
<file name="ui-bg_glass_95_fef1ec_1x400.png" server="ftp.enthalpy.mx/eventos/" local="130679746926260000" remote="130471992000000000" Dst="1" />
<file name="ui-bg_highlight-soft_75_cccccc_1x100.png" server="ftp.enthalpy.mx/eventos/" local="130679746926580000" remote="130471992000000000" Dst="1" />
<file name="ui-icons_222222_256x240.png" server="ftp.enthalpy.mx/eventos/" local="130679746927950000" remote="130471992000000000" Dst="1" />
<file name="ui-icons_2e83ff_256x240.png" server="ftp.enthalpy.mx/eventos/" local="130679746928780000" remote="130471992000000000" Dst="1" />
<file name="ui-icons_454545_256x240.png" server="ftp.enthalpy.mx/eventos/" local="130679746929120000" remote="130471992000000000" Dst="1" />
<file name="ui-icons_888888_256x240.png" server="ftp.enthalpy.mx/eventos/" local="130679746930820000" remote="130471992000000000" Dst="1" />
<file name="ui-icons_cd0a0a_256x240.png" server="ftp.enthalpy.mx/eventos/" local="130679746932140000" remote="130471992000000000" Dst="1" />
</dwsync>