<?xml version="1.0" encoding="utf-8" ?>
<dwsync>
<file name="jquery.ui.autocomplete.min.css" server="ftp.enthalpy.mx/eventos/" local="130679747023170000" remote="130471992000000000" Dst="1" />
<file name="jquery.ui.accordion.min.css" server="ftp.enthalpy.mx/eventos/" local="130679747023470000" remote="130471992000000000" Dst="1" />
<file name="jquery-ui.min.css" server="ftp.enthalpy.mx/eventos/" local="130679747024280000" remote="130471992000000000" Dst="1" />
<file name="jquery.ui.button.min.css" server="ftp.enthalpy.mx/eventos/" local="130679747025820000" remote="130471992000000000" Dst="1" />
<file name="jquery.ui.core.min.css" server="ftp.enthalpy.mx/eventos/" local="130679747026640000" remote="130471992000000000" Dst="1" />
<file name="jquery.ui.datepicker.min.css" server="ftp.enthalpy.mx/eventos/" local="130679747026950000" remote="130471992000000000" Dst="1" />
<file name="jquery.ui.dialog.min.css" server="ftp.enthalpy.mx/eventos/" local="130679747028280000" remote="130471992000000000" Dst="1" />
<file name="jquery.ui.menu.min.css" server="ftp.enthalpy.mx/eventos/" local="130679747029190000" remote="130471992000000000" Dst="1" />
<file name="jquery.ui.progressbar.min.css" server="ftp.enthalpy.mx/eventos/" local="130679747029510000" remote="130471992000000000" Dst="1" />
<file name="jquery.ui.resizable.min.css" server="ftp.enthalpy.mx/eventos/" local="130679747030810000" remote="130471992000000000" Dst="1" />
<file name="jquery.ui.selectable.min.css" server="ftp.enthalpy.mx/eventos/" local="130679747031940000" remote="130471992000000000" Dst="1" />
<file name="jquery.ui.theme.min.css" server="ftp.enthalpy.mx/eventos/" local="130679747033950000" remote="130471992000000000" Dst="1" />
</dwsync>