<?xml version="1.0" encoding="utf-8" ?>
<dwsync>
<file name="collapsible.html" server="ftp.enthalpy.mx/palmas/" local="130663339346417000" remote="130608489600000000" Dst="1" />
<file name="custom-icons.html" server="ftp.enthalpy.mx/palmas/" local="130663339348067000" remote="130608489600000000" Dst="1" />
<file name="default.html" server="ftp.enthalpy.mx/palmas/" local="130663339349007000" remote="130608489600000000" Dst="1" />
<file name="fillspace.html" server="ftp.enthalpy.mx/palmas/" local="130663339355957000" remote="130608489600000000" Dst="1" />
<file name="hoverintent.html" server="ftp.enthalpy.mx/palmas/" local="130663339356507000" remote="130608489600000000" Dst="1" />
<file name="index.html" server="ftp.enthalpy.mx/palmas/" local="130663339356582000" remote="130608489600000000" Dst="1" />
<file name="no-auto-height.html" server="ftp.enthalpy.mx/palmas/" local="130663339362507000" remote="130608489600000000" Dst="1" />
<file name="sortable.html" server="ftp.enthalpy.mx/palmas/" local="130663339362557000" remote="130608489600000000" Dst="1" />
</dwsync>