<?xml version="1.0" encoding="utf-8" ?>
<dwsync>
<file name="README.TXT" server="ftp.enthalpy.mx/eventos/" local="130679746515060000" remote="130593204000000000" Dst="1" />
<file name="makeallttffonts.php" server="ftp.enthalpy.mx/eventos/" local="130679746544300000" remote="130593204000000000" Dst="1" />
<file name="makefont.php" server="ftp.enthalpy.mx/eventos/" local="130679746544710000" remote="130593204000000000" Dst="1" />
<file name="pfm2afm" server="ftp.enthalpy.mx/eventos/" local="130679746548730000" remote="130593204000000000" Dst="1" />
<file name="pfm2afm.exe" server="ftp.enthalpy.mx/eventos/" local="130679746549700000" remote="130593204000000000" Dst="1" />
<file name="freetype6.dll" server="ftp.enthalpy.mx/eventos/" local="130679746555100000" remote="130593204600000000" Dst="1" />
<file name="ttf2ufm" server="ftp.enthalpy.mx/eventos/" local="130679746566240000" remote="130593204600000000" Dst="1" />
<file name="ttf2ufm.exe" server="ftp.enthalpy.mx/eventos/" local="130679746569460000" remote="130593204600000000" Dst="1" />
<file name="zlib1.dll" server="ftp.enthalpy.mx/eventos/" local="130679746572290000" remote="130593204600000000" Dst="1" />
</dwsync>