<?xml version="1.0" encoding="utf-8" ?>
<dwsync>
<file name="jquery-ui.min.css" server="ftp.enthalpy.mx/palmas/" local="130663339705732000" remote="130608490200000000" Dst="1" />
<file name="jquery.ui.accordion.min.css" server="ftp.enthalpy.mx/palmas/" local="130663339708182000" remote="130608490200000000" Dst="1" />
<file name="jquery.ui.autocomplete.min.css" server="ftp.enthalpy.mx/palmas/" local="130663339708782000" remote="130608490200000000" Dst="1" />
<file name="jquery.ui.button.min.css" server="ftp.enthalpy.mx/palmas/" local="130663339708807000" remote="130608490200000000" Dst="1" />
<file name="jquery.ui.core.min.css" server="ftp.enthalpy.mx/palmas/" local="130663339711107000" remote="130608490200000000" Dst="1" />
<file name="jquery.ui.datepicker.min.css" server="ftp.enthalpy.mx/palmas/" local="130663339711682000" remote="130608490200000000" Dst="1" />
<file name="jquery.ui.dialog.min.css" server="ftp.enthalpy.mx/palmas/" local="130663339711732000" remote="130608490200000000" Dst="1" />
<file name="jquery.ui.menu.min.css" server="ftp.enthalpy.mx/palmas/" local="130663339714582000" remote="130608490200000000" Dst="1" />
<file name="jquery.ui.resizable.min.css" server="ftp.enthalpy.mx/palmas/" local="130663339714632000" remote="130608490200000000" Dst="1" />
<file name="jquery.ui.progressbar.min.css" server="ftp.enthalpy.mx/palmas/" local="130663339714957000" remote="130608490200000000" Dst="1" />
<file name="jquery.ui.selectable.min.css" server="ftp.enthalpy.mx/palmas/" local="130663339718282000" remote="130608490200000000" Dst="1" />
<file name="jquery.ui.theme.min.css" server="ftp.enthalpy.mx/palmas/" local="130663339718607000" remote="130608490200000000" Dst="1" />
</dwsync>