<?xml version="1.0" encoding="utf-8" ?>
<dwsync>
<file name="AUTHORS.txt" server="ftp.enthalpy.mx/eventos/" local="130679746660470000" remote="130471992000000000" Dst="1" />
<file name="Gruntfile.js" server="ftp.enthalpy.mx/eventos/" local="130679746661890000" remote="130471992000000000" Dst="1" />
<file name="MIT-LICENSE.txt" server="ftp.enthalpy.mx/eventos/" local="130679746662970000" remote="130471992000000000" Dst="1" />
<file name="README.md" server="ftp.enthalpy.mx/eventos/" local="130679746663370000" remote="130471992000000000" Dst="1" />
<file name="package.json" server="ftp.enthalpy.mx/eventos/" local="130679746915490000" remote="130471992000000000" Dst="1" />
<file name="jquery-1.10.2.js" server="ftp.enthalpy.mx/eventos/" local="130679746918830000" remote="130471992000000000" Dst="1" />
<file name="ui.accordion.jquery.json" server="ftp.enthalpy.mx/eventos/" local="130679747258420000" remote="130471992000000000" Dst="1" />
<file name="ui.autocomplete.jquery.json" server="ftp.enthalpy.mx/eventos/" local="130679747261130000" remote="130471992000000000" Dst="1" />
<file name="ui.button.jquery.json" server="ftp.enthalpy.mx/eventos/" local="130679747261800000" remote="130471992000000000" Dst="1" />
<file name="ui.core.jquery.json" server="ftp.enthalpy.mx/eventos/" local="130679747261820000" remote="130471992000000000" Dst="1" />
<file name="ui.datepicker.jquery.json" server="ftp.enthalpy.mx/eventos/" local="130679747264380000" remote="130471992000000000" Dst="1" />
<file name="ui.dialog.jquery.json" server="ftp.enthalpy.mx/eventos/" local="130679747264490000" remote="130471992000000000" Dst="1" />
<file name="ui.draggable.jquery.json" server="ftp.enthalpy.mx/eventos/" local="130679747264900000" remote="130471992000000000" Dst="1" />
<file name="ui.droppable.jquery.json" server="ftp.enthalpy.mx/eventos/" local="130679747267190000" remote="130471992000000000" Dst="1" />
<file name="ui.effect-blind.jquery.json" server="ftp.enthalpy.mx/eventos/" local="130679747267850000" remote="130471992000000000" Dst="1" />
<file name="ui.effect-bounce.jquery.json" server="ftp.enthalpy.mx/eventos/" local="130679747267870000" remote="130471992000000000" Dst="1" />
<file name="ui.effect-clip.jquery.json" server="ftp.enthalpy.mx/eventos/" local="130679747270200000" remote="130471992000000000" Dst="1" />
<file name="ui.effect-drop.jquery.json" server="ftp.enthalpy.mx/eventos/" local="130679747270220000" remote="130471992000000000" Dst="1" />
<file name="ui.effect-explode.jquery.json" server="ftp.enthalpy.mx/eventos/" local="130679747270500000" remote="130471992000000000" Dst="1" />
<file name="ui.effect-fade.jquery.json" server="ftp.enthalpy.mx/eventos/" local="130679747272610000" remote="130471992000000000" Dst="1" />
<file name="ui.effect-fold.jquery.json" server="ftp.enthalpy.mx/eventos/" local="130679747273360000" remote="130471992000000000" Dst="1" />
<file name="ui.effect-highlight.jquery.json" server="ftp.enthalpy.mx/eventos/" local="130679747273390000" remote="130471992000000000" Dst="1" />
<file name="ui.effect-pulsate.jquery.json" server="ftp.enthalpy.mx/eventos/" local="130679747274390000" remote="130471992000000000" Dst="1" />
<file name="ui.effect-scale.jquery.json" server="ftp.enthalpy.mx/eventos/" local="130679747276690000" remote="130471992000000000" Dst="1" />
<file name="ui.effect-shake.jquery.json" server="ftp.enthalpy.mx/eventos/" local="130679747277200000" remote="130471992000000000" Dst="1" />
<file name="ui.effect-slide.jquery.json" server="ftp.enthalpy.mx/eventos/" local="130679747279220000" remote="130471992000000000" Dst="1" />
<file name="ui.effect-transfer.jquery.json" server="ftp.enthalpy.mx/eventos/" local="130679747279750000" remote="130471992000000000" Dst="1" />
<file name="ui.effect.jquery.json" server="ftp.enthalpy.mx/eventos/" local="130679747279760000" remote="130471992000000000" Dst="1" />
<file name="ui.menu.jquery.json" server="ftp.enthalpy.mx/eventos/" local="130679747281850000" remote="130471992000000000" Dst="1" />
<file name="ui.mouse.jquery.json" server="ftp.enthalpy.mx/eventos/" local="130679747282160000" remote="130471992000000000" Dst="1" />
<file name="ui.position.jquery.json" server="ftp.enthalpy.mx/eventos/" local="130679747283010000" remote="130471992000000000" Dst="1" />
<file name="ui.progressbar.jquery.json" server="ftp.enthalpy.mx/eventos/" local="130679747283310000" remote="130471992000000000" Dst="1" />
<file name="ui.resizable.jquery.json" server="ftp.enthalpy.mx/eventos/" local="130679747284710000" remote="130471992000000000" Dst="1" />
<file name="ui.selectable.jquery.json" server="ftp.enthalpy.mx/eventos/" local="130679747285900000" remote="130471992000000000" Dst="1" />
<file name="ui.sortable.jquery.json" server="ftp.enthalpy.mx/eventos/" local="130679747286280000" remote="130471992000000000" Dst="1" />
<file name="ui.widget.jquery.json" server="ftp.enthalpy.mx/eventos/" local="130679747287540000" remote="130471992000000000" Dst="1" />
</dwsync>