<?xml version="1.0" encoding="utf-8" ?>
<dwsync>
<file name="alt-field.html" server="ftp.enthalpy.mx/eventos/" local="130679746717200000" remote="130471992000000000" Dst="1" />
<file name="animation.html" server="ftp.enthalpy.mx/eventos/" local="130679746717220000" remote="130471992000000000" Dst="1" />
<file name="buttonbar.html" server="ftp.enthalpy.mx/eventos/" local="130679746718440000" remote="130471992000000000" Dst="1" />
<file name="date-formats.html" server="ftp.enthalpy.mx/eventos/" local="130679746719840000" remote="130471992000000000" Dst="1" />
<file name="date-range.html" server="ftp.enthalpy.mx/eventos/" local="130679746720660000" remote="130471992000000000" Dst="1" />
<file name="default.html" server="ftp.enthalpy.mx/eventos/" local="130679746720970000" remote="130471992000000000" Dst="1" />
<file name="dropdown-month-year.html" server="ftp.enthalpy.mx/eventos/" local="130679746722570000" remote="130471992000000000" Dst="1" />
<file name="icon-trigger.html" server="ftp.enthalpy.mx/eventos/" local="130679746723600000" remote="130471992000000000" Dst="1" />
<file name="index.html" server="ftp.enthalpy.mx/eventos/" local="130679746730390000" remote="130471992000000000" Dst="1" />
<file name="inline.html" server="ftp.enthalpy.mx/eventos/" local="130679746731710000" remote="130471992000000000" Dst="1" />
<file name="jquery.ui.datepicker-ar.js" server="ftp.enthalpy.mx/eventos/" local="130679746732020000" remote="130471992000000000" Dst="1" />
<file name="jquery.ui.datepicker-fr.js" server="ftp.enthalpy.mx/eventos/" local="130679746733420000" remote="130471992000000000" Dst="1" />
<file name="jquery.ui.datepicker-he.js" server="ftp.enthalpy.mx/eventos/" local="130679746734310000" remote="130471992000000000" Dst="1" />
<file name="jquery.ui.datepicker-zh-TW.js" server="ftp.enthalpy.mx/eventos/" local="130679746734650000" remote="130471992000000000" Dst="1" />
<file name="localization.html" server="ftp.enthalpy.mx/eventos/" local="130679746736050000" remote="130471992000000000" Dst="1" />
<file name="min-max.html" server="ftp.enthalpy.mx/eventos/" local="130679746739030000" remote="130471992000000000" Dst="1" />
<file name="multiple-calendars.html" server="ftp.enthalpy.mx/eventos/" local="130679746739060000" remote="130471992000000000" Dst="1" />
<file name="other-months.html" server="ftp.enthalpy.mx/eventos/" local="130679746739340000" remote="130471992000000000" Dst="1" />
<file name="show-week.html" server="ftp.enthalpy.mx/eventos/" local="130679746741540000" remote="130471992000000000" Dst="1" />
</dwsync>