<?xml version="1.0" encoding="utf-8" ?>
<dwsync>
<file name="jquery.ui.autocomplete.min.css" server="ftp.enthalpy.mx/palmas/" local="130663339768832000" remote="130608490200000000" Dst="1" />
<file name="jquery-ui.min.css" server="ftp.enthalpy.mx/palmas/" local="130663339769432000" remote="130608490200000000" Dst="1" />
<file name="jquery.ui.accordion.min.css" server="ftp.enthalpy.mx/palmas/" local="130663339769482000" remote="130608490200000000" Dst="1" />
<file name="jquery.ui.button.min.css" server="ftp.enthalpy.mx/palmas/" local="130663339771857000" remote="130608490200000000" Dst="1" />
<file name="jquery.ui.core.min.css" server="ftp.enthalpy.mx/palmas/" local="130663339771882000" remote="130608490200000000" Dst="1" />
<file name="jquery.ui.datepicker.min.css" server="ftp.enthalpy.mx/palmas/" local="130663339772182000" remote="130608490200000000" Dst="1" />
<file name="jquery.ui.dialog.min.css" server="ftp.enthalpy.mx/palmas/" local="130663339774382000" remote="130608490200000000" Dst="1" />
<file name="jquery.ui.menu.min.css" server="ftp.enthalpy.mx/palmas/" local="130663339774932000" remote="130608490200000000" Dst="1" />
<file name="jquery.ui.progressbar.min.css" server="ftp.enthalpy.mx/palmas/" local="130663339774957000" remote="130608490200000000" Dst="1" />
<file name="jquery.ui.resizable.min.css" server="ftp.enthalpy.mx/palmas/" local="130663339777132000" remote="130608490200000000" Dst="1" />
<file name="jquery.ui.selectable.min.css" server="ftp.enthalpy.mx/palmas/" local="130663339777432000" remote="130608490200000000" Dst="1" />
<file name="jquery.ui.theme.min.css" server="ftp.enthalpy.mx/palmas/" local="130663339777732000" remote="130608490200000000" Dst="1" />
</dwsync>