<?xml version="1.0" encoding="utf-8" ?>
<dwsync>
<file name="2dbarcodes.php" server="ftp.enthalpy.mx/eventos/" local="130679746181250000" remote="130593202200000000" Dst="1" />
<file name="CHANGELOG.TXT" server="ftp.enthalpy.mx/eventos/" local="130679746183810000" remote="130593202200000000" Dst="1" />
<file name="LICENSE.TXT" server="ftp.enthalpy.mx/eventos/" local="130679746184130000" remote="130593204600000000" Dst="1" />
<file name="README.TXT" server="ftp.enthalpy.mx/eventos/" local="130679746184900000" remote="130593204600000000" Dst="1" />
<file name="barcodes.php" server="ftp.enthalpy.mx/eventos/" local="130679746187340000" remote="130593202200000000" Dst="1" />
<file name="htmlcolors.php" server="ftp.enthalpy.mx/eventos/" local="130679746580180000" remote="130593204600000000" Dst="1" />
<file name="tcpdf.crt" server="ftp.enthalpy.mx/eventos/" local="130679746582600000" remote="130593204600000000" Dst="1" />
<file name="qrcode.php" server="ftp.enthalpy.mx/eventos/" local="130679746583690000" remote="130593204600000000" Dst="1" />
<file name="tcpdf.fdf" server="ftp.enthalpy.mx/eventos/" local="130679746584760000" remote="130593204600000000" Dst="1" />
<file name="unicode_data.php" server="ftp.enthalpy.mx/eventos/" local="130679746596130000" remote="130593204600000000" Dst="1" />
<file name="tcpdf.php" server="ftp.enthalpy.mx/eventos/" local="130679746608760000" remote="130593204600000000" Dst="1" />
</dwsync>