<?xml version="1.0" encoding="utf-8" ?>
<dwsync>
<file name="README.TXT" server="ftp.enthalpy.mx/palmas/" local="130663339189712000" remote="130608489600000000" Dst="1" />
<file name="makeallttffonts.php" server="ftp.enthalpy.mx/palmas/" local="130663339214802000" remote="130608489600000000" Dst="1" />
<file name="makefont.php" server="ftp.enthalpy.mx/palmas/" local="130663339215562000" remote="130608489600000000" Dst="1" />
<file name="pfm2afm" server="ftp.enthalpy.mx/palmas/" local="130663339218997000" remote="130608489600000000" Dst="1" />
<file name="pfm2afm.exe" server="ftp.enthalpy.mx/palmas/" local="130663339220057000" remote="130608489600000000" Dst="1" />
<file name="freetype6.dll" server="ftp.enthalpy.mx/palmas/" local="130663339221162000" remote="130608489600000000" Dst="1" />
<file name="ttf2ufm" server="ftp.enthalpy.mx/palmas/" local="130663339232792000" remote="130608489600000000" Dst="1" />
<file name="ttf2ufm.exe" server="ftp.enthalpy.mx/palmas/" local="130663339237617000" remote="130608489600000000" Dst="1" />
<file name="zlib1.dll" server="ftp.enthalpy.mx/palmas/" local="130663339241167000" remote="130608489600000000" Dst="1" />
</dwsync>